Player,Games,LP,Region,Platform,Character,Overall,AlexWin,AlexGames,BirdieWin,BirdieGames,CammyWin,CammyGames,ChunWin,ChunGames,ClawWin,ClawGames,DhalsimWin,DhalsimGames,DictatorWin, DictatorGames,FangWin,FangGames,GuileWin,GuileGames,KarinWin,KarinGames,KenWin,KenGames,LauraWin,LauraGames,NashWin,NashGames,NecalliWin,NecalliGames,RMikaWin,RMikaGames,RashidWin,RashidGames,RyuWin,RyuGames,ZangiefWin,ZangiefGames
Backdash_Luffy,681,14360,FRA,PSN,Nash,98,100,37,100,21,100,12,100,20,96,29,93,15,88,62,100,14,100,13,100,72,97,48,96,51,98,93,100,28,100,33,100,11,100,110,100,12
TS-Sabin,1081,14295,USA,PSN,Dhalsim,93,81,16,92,71,95,62,83,60,95,49,95,61,90,104,88,34,100,2,96,104,94,69,97,38,93,94,91,110,93,59,97,39,96,87,90,22
yuhi-hikali,1667,14282,JPN,PSN,Necalli,92,92,28,94,59,93,98,93,120,91,67,92,40,86,109,93,31,100,6,96,145,92,192,92,127,95,140,90,111,89,73,90,110,95,165,97,45
BabyBel,791,14169,DEU,STEAM,Ken,93,97,34,91,34,87,41,95,48,97,41,78,32,98,51,88,17,100,1,89,79,97,41,100,54,92,56,94,52,89,19,91,47,94,86,90,22
zaqzaqzaq,720,14170,JPN,PSN,Chun Li,94,95,24,97,35,88,44,89,46,100,29,96,27,100,19,100,7,100,2,98,62,92,76,98,53,98,67,90,33,95,46,93,31,87,108,100,11
Mikeand1ke12,1844,14076,USA,PSN,Laura,78,69,62,85,76,75,129,68,86,83,60,68,69,80,82,80,31,80,40,82,123,77,128,86,90,86,152,73,60,82,89,70,93,79,228,64,45
Majorboy19,1687,14031,JPN,STEAM,Chun Li,88,92,50,90,66,84,86,82,118,91,56,72,44,89,83,94,35,94,18,89,157,91,179,94,86,87,147,89,116,87,85,92,78,88,240,83,43
NPB_ken,850,13974,JPN,STEAM,Chun Li,89,100,36,90,22,86,52,82,58,84,59,100,12,91,48,73,19,94,18,93,61,89,98,88,44,93,90,92,42,85,48,81,32,95,91,78,19
Phenom,1044,13999,NOR,PSN,Dictator,90,100,18,91,23,88,27,76,26,82,40,100,15,83,59,100,21,89,19,96,52,90,52,96,25,92,69,92,54,96,32,90,22,93,87,85,35
FlashMetroid,1239,13974,USA,PSN,Claw,90,92,56,90,64,94,53,88,35,85,74,93,49,90,92,96,31,100,16,87,110,94,88,91,92,88,100,87,54,82,84,92,63,94,150,85,27
BaLBaLoL,794,13545,GBR,STEAM,Chun Li,94,96,26,81,16,95,22,55,9,100,22,100,4,91,71,100,5,0,0,100,22,95,21,92,14,95,42,82,28,100,17,100,11,98,85,100,22
Somniac,1380,13421,AUS,STEAM,Dictator,91,95,65,96,50,100,39,96,63,100,36,92,52,84,53,92,13,0,0,93,107,88,90,87,73,98,131,95,85,93,104,92,25,85,274,86,46
GinoDacampo,1534,13169,GBR,STEAM,Laura,85,87,48,82,84,79,99,90,70,78,108,83,74,86,162,91,56,93,31,84,133,81,79,90,54,91,90,83,84,89,75,86,59,82,169,91,59
NoChill,477,13156,FRA,PSN,Chun Li,96,100,8,100,12,100,29,95,41,88,9,100,10,93,31,100,11,100,12,98,55,96,31,97,34,93,33,96,31,96,26,85,20,98,65,94,17
kintyo-ru0211,1511,13080,JPN,PSN,Ken,83,89,38,73,49,85,87,83,100,81,61,83,37,88,94,83,48,100,10,94,129,86,173,90,73,71,113,72,131,83,111,75,90,83,139,89,28
hirot_p38,1185,13018,JPN,PSN,Chun Li,90,94,39,94,19,86,60,87,85,87,55,90,42,95,71,81,27,88,18,94,105,93,118,95,46,82,111,92,81,90,102,94,58,89,112,94,36
WORLD_COMBO,1244,12959,JPN,PSN,Fang,83,100,12,81,58,66,87,82,82,89,39,74,50,81,94,86,36,0,0,93,120,92,70,85,81,77,118,87,88,90,71,65,67,87,144,96,27
RZR_INFILTRATlON,356,12851,PRK,PSN,Guile,100,100,7,100,13,100,8,100,3,100,16,100,11,100,10,100,1,100,14,100,11,100,29,100,24,100,21,100,12,100,6,100,8,100,28,100,7
Monopr2,1035,12746,USA,PSN,Fang,88,83,72,97,46,87,72,84,44,89,48,77,48,88,84,87,16,100,7,87,71,89,84,86,46,97,81,90,42,83,89,95,45,92,113,81,27
Nortued,883,12816,JPN,STEAM,Karin,89,78,32,62,24,88,50,85,42,92,40,81,27,86,51,66,9,100,7,91,81,94,108,80,50,95,86,90,42,83,43,96,31,96,133,74,27
F3alucarD,815,12732,USA,PSN,Birdie,87,97,34,91,35,76,17,67,37,90,41,87,8,91,24,71,7,0,0,90,60,86,30,79,24,80,31,83,24,95,22,100,8,92,51,100,23
Beni_Best,1161,12740,ISR,STEAM,Cammy,89,96,27,71,63,91,45,93,47,90,31,79,39,82,121,100,28,100,11,93,90,91,99,90,74,91,110,91,62,84,46,90,21,92,200,88,44
damdai,1040,12621,USA,PSN,Ryu,90,100,29,93,45,87,65,91,70,83,54,91,36,84,73,85,20,100,7,94,95,93,72,100,64,83,106,90,85,72,54,91,37,93,78,94,50
Cobelcog,1001,12769,IRL,PSN,Cammy,88,92,25,74,51,91,48,83,37,81,59,91,34,86,113,95,22,100,6,91,81,89,64,88,75,87,71,88,77,84,57,88,35,93,120,88,26
osayu-,1242,12530,JPN,PSN,Cammy,88,100,29,88,42,83,74,87,86,86,53,93,29,89,95,83,12,94,19,81,93,89,125,92,80,93,86,83,83,84,63,93,44,91,142,81,27
kyo_anton,1205,12534,JPN,STEAM,Nash,88,87,32,88,43,88,78,89,55,83,66,76,39,83,84,87,32,90,10,87,87,92,122,84,69,93,112,86,76,89,56,86,69,91,149,88,26
RealMenaceTV,1152,12528,GBR,PSN,Chun Li,84,100,14,81,70,76,68,84,45,89,57,65,47,84,118,91,23,71,14,91,87,79,82,82,56,85,102,82,69,82,40,85,34,89,184,87,40
flying-taepodong,349,12501,JPN,PSN,Chun Li,92,87,8,100,10,85,14,87,16,87,8,93,15,100,14,100,4,100,10,83,37,95,40,81,22,100,26,91,23,100,22,83,18,96,59,100,3
galtu01,2403,12439,JPN,STEAM,Dictator,84,82,64,77,67,84,152,80,140,84,118,90,92,83,128,93,49,100,33,84,197,84,216,79,153,81,235,84,176,92,116,87,126,90,263,76,73
Fchampryan,598,12407,USA,STEAM,Dhalsim,92,87,32,96,29,92,38,97,35,78,33,100,35,93,32,100,9,100,3,90,43,93,47,92,25,93,47,95,46,90,30,91,23,88,67,95,22
torachin0630,1136,12375,JPN,PSN,Nash,86,97,35,84,38,86,52,84,69,75,49,79,34,82,76,86,23,100,3,82,91,93,128,75,60,89,98,77,98,83,67,86,51,93,140,100,24
tokyOsou,632,12486,JPN,PSN,Nash,90,94,17,87,16,88,18,86,15,87,16,88,9,91,23,90,11,71,7,93,30,87,41,100,20,92,40,87,24,93,16,90,10,87,49,100,5
TheHammerDon,490,12393,USA,PSN,Ken,83,81,22,91,23,91,34,80,36,68,35,81,11,83,24,50,10,100,3,59,22,83,30,100,24,91,36,95,22,80,52,88,25,82,57,94,19
yuka-don,420,12354,JPN,PSN,Nash,88,85,27,78,14,88,9,77,45,100,10,100,11,86,15,100,6,100,6,95,23,89,56,93,16,84,32,91,23,80,26,87,16,98,51,80,5
Verloren,1083,12275,KOR,STEAM,Cammy,87,93,15,92,39,90,85,89,56,86,22,94,39,84,75,86,30,85,7,89,76,88,99,91,78,83,123,88,72,80,56,89,46,85,119,96,27
afg_peace30,1921,12298,JPN,PSN,Karin,74,88,63,76,68,74,125,56,114,82,67,74,74,70,106,78,37,90,31,80,154,79,183,71,103,70,197,77,141,73,112,70,88,76,217,73,41
VFM_WOLFMAN,862,12217,MAR,PSN,Rashid,88,100,15,93,29,88,35,81,38,82,41,77,45,89,100,71,7,0,0,91,71,98,55,82,52,87,74,84,50,93,43,94,34,91,160,92,13
ClimaxX,828,12327,MAR,PSN,Dictator,86,82,23,80,36,81,43,67,31,72,22,79,29,82,100,88,17,100,5,91,85,89,69,66,30,94,108,93,46,76,26,87,40,92,91,92,27
TampaBison,1414,12255,USA,PSN,Dictator,86,79,59,80,60,89,69,81,55,78,65,82,51,93,91,81,44,94,17,86,159,89,113,83,104,91,111,83,71,84,79,81,55,93,172,92,38
-Keoma-,1111,12238,BRA,STEAM,Karin,87,94,34,76,25,93,58,85,57,79,78,88,52,84,85,83,18,100,2,88,120,89,93,91,82,88,84,70,55,86,61,85,35,93,119,93,30
DR_SMUGGLES_PhD,1098,12131,USA,PSN,Karin,84,100,40,83,66,87,65,74,51,84,79,87,32,74,78,95,20,100,21,80,92,83,68,86,60,86,104,94,58,79,83,78,23,87,118,88,34
ConchitaWurst,1127,12113,OTH,STEAM,Nash,86,88,27,75,20,80,26,80,20,75,37,68,44,76,21,86,15,100,8,100,24,92,27,95,43,91,46,85,27,80,31,92,13,93,94,100,8
Something-Unique,1126,12123,USA,PSN,Ken,74,81,53,83,42,75,60,69,52,68,92,72,62,77,57,62,29,100,11,70,97,82,80,76,60,69,81,70,89,79,69,60,33,77,127,84,32
Cuongster,838,12080,FRA,PSN,Cammy,85,92,28,79,29,88,50,96,30,75,28,68,38,87,47,100,33,100,8,89,74,75,72,72,54,91,57,84,63,89,39,90,22,85,142,90,22
TheGoldRoom,1095,12006,GBR,STEAM,Dhalsim,85,91,24,75,64,78,66,90,52,96,60,95,21,74,111,76,21,0,0,84,85,84,78,86,43,92,90,91,67,80,36,75,49,92,117,81,22
YoungTon,1771,12053,BRA,STEAM,Karin,81,75,58,79,59,81,65,88,85,65,63,81,38,81,100,75,37,93,15,68,139,86,111,91,127,85,97,76,145,90,72,87,41,88,204,74,39
imstilldadaddy,2159,12060,GBR,PSN,Laura,80,85,40,85,69,62,62,82,75,90,55,78,55,69,185,71,35,0,0,79,92,77,86,92,81,83,89,84,69,88,59,91,34,83,172,80,51
YHCmochi,776,12025,JPN,PSN,Dhalsim,85,80,35,82,34,90,33,87,49,80,40,85,34,76,39,86,15,84,19,91,56,83,73,88,45,77,66,81,59,90,31,80,36,92,91,90,21
nooblet92,1640,12374,OTH,STEAM,Ryu,79,94,39,82,46,92,78,78,83,77,49,90,44,47,190,100,11,97,36,76,130,72,111,86,99,76,191,79,67,87,181,87,24,93,183,76,73
ShallowHaven,1396,11994,USA,PSN,Dictator,81,92,57,85,61,80,78,57,69,73,82,83,49,86,84,75,33,100,6,85,113,82,99,81,75,88,113,84,65,73,75,78,42,85,177,85,20
nekonekodog,1001,11984,JPN,PSN,Claw,84,86,29,88,25,87,57,85,62,88,51,83,24,79,62,86,22,0,0,86,95,87,140,76,55,78,98,85,62,85,40,86,36,87,118,81,11
Akainu,557,12037,FRA,PSN,Nash,84,71,14,81,22,92,41,74,31,82,34,81,22,68,51,83,12,100,10,81,60,94,36,94,19,84,46,87,41,88,26,85,21,91,57,100,14
OmGiTzChun,1276,12024,USA,STEAM,R. Mika,82,87,101,85,64,83,61,80,68,86,82,84,85,94,69,75,40,100,5,78,119,87,70,88,67,84,73,78,83,85,61,79,53,76,139,66,33
Pontio,2220,12017,JPN,STEAM,Claw,84,93,82,87,71,78,131,75,121,81,91,83,71,78,131,83,65,88,27,90,154,89,201,83,150,85,180,85,180,91,99,83,104,79,263,87,99
Brolynho,1087,12015,BRA,PSN,Necalli,85,80,88,95,22,89,38,85,42,82,35,84,59,80,51,78,32,96,26,75,115,82,125,82,75,90,55,86,68,85,41,89,37,91,145,90,33
cola321,1022,12006,JPN,PSN,Claw,83,84,38,89,38,96,61,71,52,82,50,84,13,84,76,85,21,100,3,80,68,82,135,85,47,81,116,77,67,78,69,90,40,86,107,90,21
SF5-Save,1662,11982,KOR,PSN,Dhalsim,77,88,42,76,91,77,100,88,76,71,63,64,48,70,114,82,29,87,24,79,147,76,143,72,105,78,176,79,84,82,92,63,73,82,202,86,53
angelapickles,823,11856,OTH,PSN,Dictator,86,100,10,84,65,91,46,70,34,82,50,82,40,82,58,100,18,100,12,84,58,87,70,86,43,88,76,95,47,84,52,73,23,95,106,80,15
H-2-3-7,2026,11925,GBR,PSN,Cammy,83,88,72,80,93,78,91,83,79,82,73,68,70,84,206,78,56,65,20,82,184,87,148,90,115,89,149,80,101,77,79,81,64,88,236,83,65
Domh_i,950,12072,GBR,STEAM,Alex,79,87,40,61,39,75,37,80,40,59,61,82,57,86,95,62,29,89,29,85,62,80,81,86,51,75,60,80,52,100,22,90,20,89,84,65,35
Erunaka,1971,11758,JPN,PSN,Nash,85,92,51,86,59,85,169,74,168,84,95,67,52,86,104,73,45,90,10,90,144,88,160,83,134,89,181,85,135,86,114,85,111,91,196,82,41
jemin-pc,390,11741,ALB,STEAM,Ken,87,90,31,93,16,85,7,83,12,76,30,70,17,90,31,77,9,100,2,83,42,95,24,95,22,100,34,71,21,90,22,83,18,94,37,92,14
Aozaki_Kyo,2212,12488,OTH,PSN,Karin,85,86,139,86,88,85,99,76,113,80,111,85,75,84,151,77,53,88,54,86,198,89,148,86,150,92,171,78,163,79,138,84,65,89,199,84,97
KevinTeque,739,11638,CPV,STEAM,Alex,90,100,18,87,41,100,4,82,17,90,22,87,8,100,10,86,15,0,0,94,39,86,37,84,25,91,56,95,22,74,35,85,14,98,53,100,13
Kofmaster,1108,11605,JPN,STEAM,Fang,85,93,43,85,47,76,47,75,54,84,44,86,80,81,83,96,28,100,3,81,79,83,60,89,58,81,160,77,74,95,43,90,61,93,110,90,33
DOOMSNAKE507,979,11599,OTH,PSN,Claw,79,84,57,72,44,63,33,77,36,68,50,71,39,77,76,73,19,100,8,93,77,64,84,77,59,84,99,72,40,71,49,83,36,89,117,86,44
-Vagabond-,642,11197,USA,PSN,Necalli,86,83,18,85,21,85,34,96,25,80,30,61,13,86,50,94,19,100,8,93,66,82,70,86,44,84,33,86,30,81,54,86,22,86,76,82,17
TakuyaSugi,753,11425,USA,STEAM,Alex,81,82,41,75,56,84,26,80,31,68,45,88,25,80,51,76,17,100,14,66,72,80,68,73,34,91,61,81,32,86,37,50,12,91,97,85,34
AngryPoongKo,571,11445,KOR,PSN,Cammy,91,100,3,97,34,80,21,93,30,87,24,83,6,88,43,88,9,100,2,89,47,94,52,90,52,85,68,94,36,90,31,95,41,95,64,100,6
GamerBee,843,11402,OTH,PSN,Necalli,87,100,13,88,17,76,34,88,42,92,26,100,17,81,38,100,10,0,0,90,41,87,55,90,31,79,69,90,33,89,39,91,34,87,63,91,24
MNO1204,596,11401,USA,STEAM,Dhalsim,83,96,25,76,39,73,23,91,37,86,15,100,12,85,40,94,18,100,5,93,31,83,66,73,61,65,35,85,28,89,39,90,42,75,62,94,18
SF5-NL,1840,11345,KOR,PSN,Ryu,80,85,47,90,74,75,99,74,90,78,88,77,79,80,112,68,50,78,19,87,153,79,185,84,97,73,179,87,119,86,95,84,89,76,224,87,40
danslip6,1032,10979,ECU,PSN,Cammy,80,91,23,81,27,78,91,76,55,81,49,71,42,83,62,82,46,100,16,83,56,84,51,78,92,94,86,56,125,88,77,91,35,85,77,86,22
Jijidalal7,508,11330,GBR,PSN,Necalli,90,100,16,81,16,85,20,66,9,84,13,69,13,86,43,81,11,100,6,98,54,97,39,83,42,95,40,85,27,95,23,100,22,91,85,93,29
TaiwanDaimon,484,10995,TWN,STEAM,Dhalsim,94,100,10,75,8,86,15,92,41,95,40,62,8,95,40,88,9,100,6,95,46,100,28,90,22,96,62,96,25,96,29,95,20,95,63,100,11
YungDame,592,11250,USA,PSN,Ryu,87,78,32,86,22,76,13,93,15,84,13,89,19,80,42,72,18,100,15,79,43,95,21,100,34,87,40,86,37,89,39,88,36,88,51,100,12
GarioZzz,2500,11273,JPN,PSN,Nash,80,91,48,68,83,82,169,81,181,90,86,75,77,74,153,78,51,86,15,85,196,83,249,73,160,72,186,75,168,82,133,81,154,84,334,85,57
bisonfan20,442,11213,GBR,PSN,Dictator,86,100,2,83,12,57,21,90,20,83,37,70,34,85,48,85,14,100,1,96,25,91,24,79,34,97,37,94,34,86,15,86,23,95,46,86,15
broski,558,11205,GBR,STEAM,Dhalsim,82,100,6,77,27,83,37,92,14,92,25,87,8,67,67,91,12,100,8,87,49,79,29,79,49,86,30,87,24,65,26,70,17,91,68,100,18
DRAGONEYEZ,908,11147,OTH,STEAM,Ryu,84,88,36,87,24,69,26,80,15,90,33,66,15,90,30,100,4,0,0,88,34,85,28,90,22,80,66,55,9,81,43,85,7,94,54,80,5
gsgllty,1355,11282,USA,PSN,Dhalsim,77,86,58,68,66,80,80,80,76,79,59,41,34,83,99,84,39,70,10,77,112,80,113,76,86,84,105,65,76,68,93,75,58,82,152,80,36
Paulow3b,827,11111,BRA,STEAM,Rashid,81,90,21,77,27,64,14,81,22,100,13,90,21,76,25,50,6,83,12,65,46,75,57,85,28,87,40,61,34,91,36,92,14,89,88,90,40
DANSLIP,675,11047,USA,PSN,Cammy,80,72,25,95,20,82,62,75,32,73,19,70,31,80,35,88,17,62,16,81,48,83,59,78,60,78,52,71,46,80,70,88,17,90,53,84,13
PhenomTheBeast,505,11009,NOR,STEAM,Dictator,91,100,17,100,2,100,13,72,25,75,12,92,14,92,13,80,15,100,6,90,20,100,32,100,17,92,27,91,24,90,10,100,12,93,65,83,18
JF_Atropos,488,11046,GRC,PSN,Ken,81,93,16,83,18,62,27,100,16,76,30,75,8,71,38,70,10,84,26,93,32,84,50,80,30,82,46,90,20,77,18,85,20,85,75,62,8
GOL_Zaith,802,11034,USA,STEAM,Birdie,83,85,28,80,26,89,58,85,55,84,32,80,25,78,56,77,22,100,12,82,81,82,64,76,42,87,58,82,57,76,39,74,27,90,93,90,22
Tourniquet,1543,11015,KOR,STEAM,Claw,83,86,45,77,59,75,79,73,71,83,48,69,39,78,82,93,32,100,30,88,146,86,133,74,70,83,173,80,108,90,63,81,81,88,209,80,42
CornFGC,1425,10985,USA,STEAM,Alex,80,75,29,77,44,75,41,77,35,68,60,88,36,84,82,81,27,92,14,79,74,78,73,80,36,87,63,95,21,78,55,88,26,81,97,70,24
HeroOne,1485,10979,DEU,STEAM,Claw,80,90,51,72,37,70,71,79,74,81,66,87,57,76,103,78,37,100,6,81,94,80,119,61,108,90,101,82,90,75,45,83,59,87,219,84,59
gachikun,688,10991,JPN,PSN,Rashid,80,100,2,80,21,81,37,81,43,68,29,85,27,80,47,65,23,100,1,83,66,86,60,78,37,71,89,81,43,78,32,86,43,88,68,65,20
THE_COOL_KID93,1189,10999,USA,PSN,Alex,74,81,33,77,36,75,37,68,72,69,49,68,35,78,37,65,43,100,8,69,66,68,60,78,37,87,86,75,29,64,45,80,30,78,90,88,18
ChrisWong_HK,803,10915,OTH,PSN,Nash,86,86,15,96,28,82,41,84,46,77,45,87,24,80,62,80,20,100,9,93,64,89,79,67,43,93,106,81,64,87,24,80,50,91,72,100,11
Sildenafl,494,10905,AUS,STEAM,Ryu,91,100,6,78,14,100,25,100,24,100,6,90,22,78,33,76,13,100,6,88,35,87,32,96,27,93,45,92,28,83,36,95,21,95,98,91,23
DR_RAY,485,10929,DOM,PSN,Claw,87,95,22,81,22,83,30,86,15,88,34,90,11,82,23,81,11,100,2,84,39,89,29,80,40,93,44,86,29,88,36,95,22,85,60,87,16
JyunHan,413,10889,ISR,STEAM,Ken,96,100,18,100,21,90,20,94,19,100,17,100,12,96,33,90,20,100,2,100,39,100,31,95,22,93,30,88,18,100,29,83,12,97,49,95,21
ArliethTralare,786,10939,USA,STEAM,Claw,80,82,29,86,22,85,57,87,39,83,31,80,35,82,41,81,16,100,4,91,68,84,52,67,68,69,82,65,49,74,51,87,31,89,87,79,24
MCZ_Blaky,214,10832,DOM,PSN,Ryu,87,77,9,100,7,88,9,85,7,90,10,80,5,92,26,76,17,0,0,85,7,88,26,100,7,100,30,85,7,100,7,100,4,75,32,50,4
ED-Jinty,979,10779,GBR,PSN,Ken,82,83,31,79,63,72,50,81,44,82,47,65,38,75,100,94,19,87,8,86,76,94,54,83,54,79,86,88,62,79,39,86,30,86,146,93,32
ning726,1469,10777,USA,PSN,Dictator,81,86,46,83,77,81,91,72,87,76,75,68,57,88,104,81,27,84,25,83,130,85,98,70,74,91,93,89,88,69,133,80,55,87,165,79,39
Boltstrike_I,1543,10794,GBR,PSN,Claw,76,79,83,59,64,88,80,73,45,86,59,72,73,75,152,67,40,100,33,84,105,72,97,72,119,78,101,68,141,84,59,62,67,81,175,82,39
GentlemanThief,1523,10792,OTH,PSN,R. Mika,84,83,56,86,89,86,68,84,107,77,75,80,50,90,94,83,37,91,12,83,143,88,118,92,89,88,139,73,76,88,96,79,64,82,169,78,38
nuki777,983,10551,JPN,PSN,Chun Li,83,94,19,100,34,83,68,66,81,83,48,84,33,85,54,73,19,80,5,92,88,78,69,83,54,83,118,86,52,90,55,78,47,83,112,73,26
RZR_RB,390,10685,OTH,PSN,Alex,87,100,10,100,6,93,15,40,5,94,19,100,3,42,7,83,6,0,0,93,30,96,25,100,9,96,26,90,10,66,18,55,9,90,31,91,12
Verdoyance,745,10640,FRA,PSN,Birdie,84,70,24,71,32,87,41,82,39,90,21,86,23,84,58,73,34,66,6,86,46,80,66,83,36,75,54,86,30,83,37,88,27,95,121,73,15
GAMMenaRD,338,10685,DOM,PSN,Birdie,83,76,17,66,6,85,14,79,24,78,23,81,11,86,22,50,6,75,4,100,16,91,24,80,21,86,38,92,27,63,22,82,23,82,29,100,11
OGZ-WallyWest,1020,10741,TUR,STEAM,Ryu,84,85,35,92,27,72,55,82,47,80,46,72,25,82,87,87,16,91,23,89,67,75,95,82,47,87,90,81,72,88,36,92,26,89,189,83,37
skillsmith,503,10669,USA,PSN,Necalli,79,100,11,64,28,96,31,75,33,77,22,55,34,66,42,85,14,85,7,82,52,87,24,93,32,74,27,70,20,77,36,88,18,90,52,85,20
torimesingo,497,10654,JPN,PSN,Dhalsim,90,100,4,95,23,94,39,88,27,89,19,92,14,90,42,93,16,0,0,82,39,86,60,93,30,97,40,100,27,76,26,78,23,91,58,100,10
ShakzDeniro,670,10636,GBR,PSN,Dictator,80,100,4,86,23,67,31,57,19,82,28,76,17,82,35,73,15,100,4,84,44,82,28,68,16,78,42,80,30,75,20,76,26,90,64,92,13
MessiIshibashi,436,10656,JPN,STEAM,Cammy,93,100,2,100,8,80,20,90,21,100,14,93,16,100,29,100,14,0,0,90,33,93,29,95,20,93,31,94,18,100,18,95,20,90,42,100,9
On_KGBIFidoskin,1292,10654,RUS,STEAM,Fang,82,91,45,69,59,91,47,81,59,77,61,50,22,79,112,87,32,100,2,83,101,84,78,73,56,86,117,79,78,79,64,82,52,90,192,80,55
Humanbomb,730,10782,OTH,PSN,Chun Li,86,89,19,88,27,80,46,86,29,90,21,71,38,91,49,47,17,100,4,86,46,83,43,90,51,84,70,90,42,89,49,91,48,94,91,73,23
3Dolla,695,10644,OTH,PSN,Karin,90,95,20,92,27,84,46,90,41,95,20,84,13,88,43,94,19,87,8,87,74,95,41,93,46,93,46,96,30,86,46,80,25,94,73,91,12
RayRay,1494,10343,USA,STEAM,Chun Li,79,81,49,85,120,77,79,92,52,78,74,79,48,76,116,65,55,86,15,82,169,75,121,77,118,82,112,74,83,80,55,79,67,78,133,85,28
memememe,696,10608,JPN,PSN,Ryu,82,0,0,82,28,79,58,72,48,76,21,92,13,90,44,72,18,0,0,85,56,81,69,82,45,70,77,86,51,91,24,89,38,91,96,90,10
RickTTT,611,10590,ESP,STEAM,Ryu,81,85,27,73,23,85,27,66,30,92,13,64,14,66,57,57,14,91,12,88,52,77,67,77,18,94,35,87,47,90,21,76,30,94,79,80,21
Gagapa,892,10594,FRA,PSN,Dictator,85,100,3,81,33,84,50,88,36,76,51,72,43,80,71,66,9,0,0,88,87,90,41,88,70,83,72,82,69,93,43,88,34,89,154,92,26
HOMASHINCHIw,361,10579,JPN,STEAM,Fang,89,95,24,92,13,83,24,76,21,91,23,100,6,88,27,100,10,0,0,84,50,100,14,94,18,97,36,90,11,85,14,82,17,90,42,90,11
SaibaJoichiro,525,10082,USA,PSN,Cammy,86,100,8,77,31,88,44,74,27,81,27,95,22,91,45,90,11,0,0,92,53,92,25,90,32,88,45,86,22,65,38,87,24,86,59,83,12
NLBJuicyJoe,353,10555,SWE,PSN,Laura,84,100,10,100,8,64,14,75,12,80,26,100,7,86,29,100,7,88,17,82,28,89,37,100,10,94,38,78,19,92,13,90,11,72,54,84,13
naumanzoh,871,10561,JPN,STEAM,Ken,76,83,31,89,19,70,78,70,71,77,31,72,43,83,49,77,18,0,0,74,59,86,65,87,55,62,85,71,46,64,39,70,40,81,111,87,31
KillaKeeeeen,468,10566,USA,STEAM,Ken,89,100,27,83,30,88,17,95,23,82,23,68,29,96,25,100,4,0,0,86,37,96,32,100,30,81,49,88,17,92,26,100,22,89,67,100,10
p4_esuta,1370,10512,JPN,PSN,Ryu,76,95,22,76,59,75,66,63,47,75,44,76,39,66,68,75,24,100,2,80,81,82,86,89,48,67,98,86,65,87,48,72,59,75,139,72,40
VenomOfTuesday,696,10501,OTH,STEAM,Dictator,84,93,33,70,34,76,43,64,17,91,37,94,19,81,82,100,9,0,0,91,47,79,49,73,26,80,68,87,33,82,39,86,22,93,124,84,13
Salieri_,582,10554,JPN,STEAM,Karin,85,80,5,95,20,79,34,78,37,76,17,91,23,84,39,93,15,80,5,91,59,89,59,83,30,85,40,70,27,86,15,73,42,93,81,79,34
PR-Balrog,818,10496,USA,STEAM,Necalli,89,84,13,100,13,89,28,90,22,92,13,85,20,84,26,96,27,0,0,92,27,82,41,92,14,96,32,95,20,93,15,76,13,84,26,90,11
CmPunkDaGod,1495,10492,OTH,PSN,Karin,79,85,67,78,65,81,70,76,51,58,56,90,21,71,69,73,45,100,33,81,114,77,76,68,86,83,91,86,52,84,59,88,42,83,142,80,40
inaba0624,698,10625,OTH,PSN,Dhalsim,84,91,12,100,8,87,24,70,31,100,13,90,10,100,7,76,13,71,7,91,37,98,54,72,29,83,36,66,24,68,22,70,17,88,61,85,21
tatsunical,1077,10487,USA,STEAM,Necalli,81,79,39,74,43,83,77,70,65,78,41,86,37,85,69,90,31,75,4,85,94,80,82,83,98,78,61,84,52,81,59,97,34,74,153,86,38
KainoFury,277,10473,ITA,STEAM,Laura,90,83,6,100,2,88,17,93,15,88,17,100,14,96,31,33,3,0,0,86,15,91,23,100,11,85,20,86,22,86,15,100,18,87,40,100,8
Brian_F,1071,10502,USA,PSN,Necalli,76,90,20,83,42,67,196,71,57,91,70,50,18,76,46,55,18,100,7,73,69,78,88,80,66,85,104,72,55,54,59,85,28,84,94,90,31
mkt-iwate,2757,10026,JPN,PSN,Necalli,77,76,68,85,68,79,188,67,134,72,122,78,98,77,202,79,81,88,27,83,219,82,284,78,141,73,272,72,174,69,168,79,142,75,312,78,57
3nodx2,646,10440,JPN,PSN,Chun Li,83,0,0,94,19,76,34,76,17,100,7,58,12,88,27,70,17,0,0,92,40,88,26,100,20,73,26,85,14,93,15,77,18,78,47,100,8
Tse4444,762,10437,JPN,PSN,Chun Li,83,90,43,84,19,83,43,90,22,82,17,38,13,71,45,48,33,100,2,89,49,82,57,84,64,85,84,91,35,81,87,80,25,95,95,86,29
spaghettiman,382,10412,JPN,PSN,Laura,82,100,5,84,13,79,24,71,28,86,15,56,16,88,26,83,6,0,0,74,31,92,39,94,19,83,36,90,22,84,19,68,16,84,46,75,8
Tyrant_UK,1887,10405,GBR,PSN,Dictator,80,83,65,75,107,66,78,74,71,85,119,85,64,72,155,80,30,81,37,85,116,89,119,70,162,80,159,81,107,81,75,77,49,86,295,81,79
OrangeMan,972,10474,CAN,STEAM,Rashid,81,76,69,77,40,73,53,74,47,77,40,75,28,90,63,70,20,100,16,78,61,86,96,65,91,96,60,78,38,86,38,89,39,86,144,79,29
TriggerSFV,528,10405,USA,STEAM,Ryu,97,100,11,92,26,100,32,100,22,95,23,91,24,95,48,100,18,100,1,97,47,97,40,96,32,97,48,93,30,100,23,100,23,96,62,100,18
Lord_Float,1431,10210,USA,PSN,Nash,74,89,57,69,66,68,70,66,84,68,87,54,42,70,117,71,42,100,8,71,107,77,103,74,103,80,92,76,77,63,73,75,53,84,168,82,35
Fasoll,940,10257,ESP,PSN,Ryu,84,80,25,92,25,80,65,84,63,92,56,61,26,87,58,89,19,100,1,97,37,75,97,81,55,87,98,83,61,90,43,80,21,83,132,95,24
hishow,873,10519,JPN,PSN,Necalli,82,91,23,61,21,90,40,73,45,77,35,76,17,87,47,82,29,100,7,77,53,85,81,81,32,80,72,86,45,78,46,82,29,85,77,78,19
Fitizen,477,10356,DEU,STEAM,Claw,85,92,13,84,25,86,23,95,22,92,14,66,6,70,50,73,19,100,1,100,39,88,43,80,25,86,43,86,29,82,23,100,7,90,64,83,31
PaulB_,1967,10282,USA,PSN,Karin,77,76,56,81,106,78,80,71,112,71,103,74,86,74,167,81,33,82,17,77,163,80,123,80,124,81,143,72,121,75,129,78,71,80,245,75,70
shishimaru_dog,1463,10188,JPN,PSN,Chun Li,77,78,64,69,33,85,98,69,96,77,61,52,40,81,72,71,56,0,0,85,111,75,132,81,72,70,121,78,112,78,102,80,100,83,169,91,24
Sofitia,1716,10378,CAN,STEAM,Chun Li,86,88,62,84,99,85,87,84,78,83,62,83,74,87,163,62,24,100,5,84,133,87,99,88,114,87,172,86,86,78,97,87,66,91,184,91,61
ValhallaRoom,395,10311,JPN,PSN,Cammy,84,84,26,80,10,83,24,70,17,69,23,76,13,88,26,90,10,66,3,76,26,92,38,96,26,86,36,83,30,84,13,94,17,85,47,80,10
nyansig,529,10333,JPN,STEAM,Cammy,83,88,9,84,26,62,27,85,49,70,30,70,17,75,29,75,29,100,2,86,45,90,32,88,35,85,55,90,20,93,29,93,29,83,54,75,12
PlayboyBunny,168,10275,OTH,PSN,Dictator,88,0,2,85,7,75,8,72,11,100,9,66,9,85,7,100,3,0,0,100,16,100,2,87,8,95,20,100,14,72,11,100,8,93,16,100,6
bluebirddx,463,10293,JPN,PSN,Dictator,86,92,14,81,16,81,33,76,26,90,10,85,7,96,27,75,8,100,6,86,43,84,44,62,24,91,49,93,31,81,27,84,25,95,60,90,10
Alien000,328,10376,JPN,PSN,Necalli,90,100,12,100,11,93,29,96,25,100,4,100,4,85,27,81,11,0,0,84,26,89,37,94,19,94,18,94,17,95,22,77,9,86,52,100,5
EvilTornafighter,490,10314,OTH,PSN,Dictator,84,94,19,73,23,95,20,66,15,76,21,100,14,72,50,90,11,100,2,96,30,86,44,76,30,78,57,84,32,76,13,76,13,90,72,100,24
Fovean_Warrior,481,10249,ITA,PSN,Karin,100,100,30,100,16,100,28,100,26,100,12,100,16,100,39,100,7,100,3,100,31,100,32,100,23,100,61,100,16,100,21,100,12,100,94,100,14
dadehaode,459,10293,CHN,STEAM,Ryu,86,100,1,90,11,91,46,59,42,100,7,92,14,96,25,66,3,0,0,92,40,100,35,85,27,90,51,83,12,81,11,93,16,80,94,83,24
algozaru,376,10235,JPN,PSN,Rashid,80,80,15,100,12,76,13,63,22,61,21,33,9,100,13,84,13,0,1,75,32,93,29,100,15,83,43,74,43,61,21,62,8,92,39,96,27
GODSGARDEN-PS4,345,10279,JPN,PSN,Cammy,91,0,0,66,9,100,8,73,15,88,9,100,4,100,8,100,7,0,0,95,22,85,21,92,14,100,20,91,12,100,16,100,10,96,26,81,11
BTM_GuN_SLinGa,855,10253,GBR,PSN,Ken,76,62,43,75,28,76,34,76,34,81,37,59,42,71,64,53,15,80,10,81,64,82,50,82,50,86,43,63,46,90,20,72,22,87,93,75,20
Shinji840,1610,10428,USA,STEAM,Dictator,80,79,34,73,60,75,68,77,89,77,44,82,34,83,55,87,31,90,22,78,95,79,69,77,70,88,117,76,55,75,98,76,51,86,156,89,29
ykfre_,938,10276,JPN,PSN,Laura,79,82,41,53,28,73,52,64,25,77,31,78,28,77,40,100,14,76,17,82,89,78,106,80,52,87,63,76,71,77,57,88,45,82,134,75,45
DontSaveEm013,1580,10520,USA,STEAM,Rashid,76,83,66,77,83,74,104,68,93,82,93,73,60,79,116,70,40,76,25,70,120,76,101,82,79,81,118,71,69,70,127,78,47,81,181,76,56
NP_Bouncer,382,10242,BRA,STEAM,Necalli,94,100,10,91,12,91,23,100,17,92,14,100,6,84,38,100,2,100,3,94,34,94,18,93,16,92,25,85,14,100,17,100,11,98,64,100,7
GENKI94,871,10271,FRA,PSN,Ryu,79,85,35,63,36,75,53,88,44,71,28,73,30,75,65,85,14,100,6,87,62,65,78,82,47,66,60,78,56,88,42,86,45,83,120,90,40
FH-Brickterium,529,10251,IRL,PSN,Necalli,86,100,1,77,22,77,22,76,13,95,23,100,23,86,43,80,10,0,0,86,22,80,26,90,21,82,28,90,30,95,22,90,10,90,61,70,10
Fullmetal_Jesse,253,10361,USA,PSN,Ryu,91,87,8,86,15,100,6,100,13,95,23,83,12,95,20,70,10,100,2,83,12,100,14,96,27,88,27,83,12,85,21,100,7,94,17,100,7
ChrisWongIsGood,437,10219,OTH,STEAM,Nash,85,95,20,90,11,79,24,83,37,80,31,78,14,60,23,94,18,100,5,100,23,89,37,83,30,78,32,96,30,92,26,85,21,85,40,86,15
Combo_Kash,654,10271,USA,PSN,Nash,85,78,37,80,36,79,43,68,25,81,16,95,20,86,38,62,16,100,8,97,45,90,65,89,37,92,38,72,29,86,36,90,10,83,86,100,17
LCD_yamamoto,710,10232,JPN,STEAM,Chun Li,82,90,20,88,27,83,54,61,26,87,24,73,30,83,43,66,24,0,0,84,59,85,75,89,38,85,62,79,64,80,40,79,29,85,84,54,11
FlawlessDeku,857,10143,GBR,PSN,Necalli,78,73,38,95,21,80,51,88,26,79,64,74,27,68,67,75,41,93,44,83,66,75,61,75,54,70,57,71,35,73,46,85,14,84,117,67,28
Ku-mo-ko,1833,10231,FRA,PSN,Dictator,71,77,44,56,96,78,93,64,99,68,79,58,72,74,182,59,37,83,12,77,112,75,176,71,118,77,159,67,106,68,79,67,77,77,239,54,53
SFT_TENZEN,631,10182,BRA,STEAM,Zangief,93,92,13,100,13,100,20,90,10,100,11,40,5,86,23,100,12,75,4,96,32,95,20,96,30,96,52,81,16,90,11,77,9,96,90,93,16
Aerorockman,1551,9926,FRA,STEAM,Dictator,79,86,29,70,47,79,83,71,63,72,51,78,41,81,105,84,32,0,0,75,121,85,84,63,47,80,115,79,83,77,44,69,46,89,216,80,40
edwow34,1123,10145,JPN,PSN,Laura,81,95,23,79,48,75,78,77,63,78,38,91,35,89,68,85,42,100,7,84,96,79,77,78,51,81,106,75,70,79,74,91,58,76,93,87,40
kyadhi2,342,10223,JPN,PSN,Nash,85,95,20,77,18,85,20,69,13,78,19,75,8,81,16,72,11,100,2,100,22,86,30,70,17,100,12,92,26,100,10,76,13,85,67,100,18
musui64,982,10245,JPN,PSN,Rashid,72,88,26,79,44,76,68,58,46,70,50,70,30,73,49,78,41,100,1,77,66,72,119,69,43,75,95,68,63,76,69,58,55,71,97,65,20
knuckle01,1199,10207,JPN,STEAM,Ken,77,88,36,77,31,67,56,61,73,77,67,69,46,82,57,83,43,83,18,80,115,81,107,80,62,76,121,66,66,77,71,82,58,81,127,84,45
Prodigal_Son,546,10442,DEU,PSN,Ken,82,89,19,82,23,91,23,91,12,81,16,94,17,90,53,100,8,100,3,85,48,79,54,82,17,54,48,65,35,82,23,80,20,89,75,88,17
MindRPG,934,10004,THA,PSN,Dictator,87,100,23,95,44,92,26,76,50,89,37,85,61,87,55,71,38,100,2,86,95,94,57,88,53,86,136,86,60,86,29,84,38,91,85,85,14
Arydoon,620,10212,DZA,PSN,Nash,83,78,14,87,31,89,28,96,25,95,20,68,16,72,61,69,13,0,0,88,52,88,52,90,33,80,65,77,36,66,24,90,20,85,114,100,13
noxcy_,321,10133,JPN,PSN,Cammy,76,63,11,76,13,83,6,63,36,87,8,73,15,82,23,66,9,83,6,68,16,86,22,75,16,80,21,76,13,84,33,78,14,76,38,71,21
HiroEC1,504,10191,USA,PSN,Dictator,83,90,11,68,38,88,27,60,38,89,19,75,12,91,24,66,12,100,13,97,42,88,70,75,41,83,36,95,24,78,14,73,15,91,56,83,12
AzizSensei,1079,10210,USA,PSN,Claw,72,72,54,67,46,73,41,67,62,67,49,56,57,80,92,45,24,100,8,79,69,69,71,69,66,81,100,70,58,69,71,73,41,83,116,72,44
Brolylegs,1421,10190,USA,PSN,Chun Li,75,78,55,69,96,85,81,76,88,72,76,68,60,77,106,88,27,92,14,75,120,76,97,78,80,70,120,74,74,66,80,75,57,76,157,87,33
ThisIsBattle,2060,10199,USA,PSN,Claw,60,79,72,62,85,49,106,54,88,60,110,55,101,62,159,39,46,80,30,50,147,56,182,49,156,71,150,54,124,53,154,69,104,75,179,68,64
Sikabonzai,835,10143,FIN,STEAM,Zangief,85,93,16,76,26,81,33,76,59,85,62,47,21,84,71,80,36,100,6,81,37,93,72,86,51,87,77,91,62,87,40,92,14,92,114,78,32
NegativEdge,360,10191,USA,STEAM,Dictator,85,78,14,81,11,66,15,69,13,90,10,60,5,95,20,71,7,86,22,83,30,95,24,77,18,90,10,92,14,77,9,100,11,100,28,90,10
yu-kei,323,10161,JPN,PSN,Necalli,80,88,18,60,5,66,18,57,14,62,8,91,12,65,20,75,12,100,1,80,40,78,41,90,20,86,22,91,35,84,13,85,7,87,32,80,5
CF_Marvelous,656,10176,BRA,PSN,Dhalsim,88,77,27,87,41,96,26,100,12,100,15,81,27,91,68,86,15,93,29,93,32,75,45,89,56,95,67,76,46,82,34,69,13,93,79,87,24
bipson,461,10153,DEU,STEAM,Dictator,94,100,5,84,13,96,28,89,28,86,15,66,9,84,33,83,6,0,0,97,37,98,57,100,15,98,56,100,23,100,16,100,20,94,87,92,13
Rhyllis,433,10182,CAN,PSN,Fang,84,100,1,87,32,83,30,93,29,71,21,87,24,79,48,80,10,0,0,86,36,80,35,100,21,83,30,86,30,76,25,86,15,91,35,72,11
duke728,828,10147,JPN,STEAM,R. Mika,77,100,19,62,37,83,48,73,49,86,30,75,36,90,32,83,18,100,2,82,67,81,86,75,52,75,80,91,37,86,30,54,50,71,117,67,37
lau123456,385,10127,JPN,PSN,Dictator,83,90,20,70,10,85,20,64,17,100,4,84,13,90,40,80,10,100,2,92,25,92,27,75,16,82,34,100,9,69,53,64,17,89,48,95,20
LifetimeRespect,256,10177,JPN,PSN,Chun Li,91,90,11,86,15,94,17,100,8,71,7,100,9,100,13,100,5,0,0,93,15,100,16,94,18,91,46,76,30,100,16,50,4,100,20,100,6
Vegas7,706,10175,BRA,STEAM,Claw,77,100,6,90,22,74,39,88,35,73,42,81,11,77,35,93,31,0,0,55,94,87,72,87,56,78,64,68,35,76,25,73,23,70,67,92,26
donjuan,694,10153,USA,PSN,Nash,80,73,26,72,40,90,31,65,41,78,38,68,16,80,42,70,17,100,1,84,63,87,40,95,40,71,63,83,37,82,47,60,20,86,110,90,21
Cobalt,1156,10247,GBR,STEAM,Claw,77,73,41,81,55,72,54,67,43,75,54,73,23,60,164,89,19,90,40,82,81,71,107,81,54,89,96,76,76,75,36,82,50,85,131,93,15
Pillowofwind,911,10150,USA,PSN,Necalli,79,92,27,84,32,69,53,86,45,70,37,75,28,88,85,80,20,88,9,79,86,77,61,84,58,77,76,78,57,71,64,47,17,75,131,100,25
SplendidNull,732,10226,ITA,STEAM,Claw,82,77,40,73,15,80,46,76,46,77,63,73,19,73,46,100,6,70,10,88,43,90,44,60,33,77,70,96,50,87,33,80,25,93,116,81,27
Ca55hern,799,10242,GRC,STEAM,Nash,86,92,27,76,25,89,39,96,28,95,24,65,35,77,66,84,19,100,4,82,75,94,56,83,36,85,92,83,42,85,34,86,29,92,140,85,27
Qiuqiu,502,10150,CHN,STEAM,Dictator,94,100,6,91,12,84,19,93,33,90,11,100,12,91,45,100,16,0,0,100,30,84,25,88,9,95,46,89,19,77,18,100,9,100,116,95,42
Punishere,648,10123,USA,STEAM,Chun Li,85,100,5,86,30,88,35,88,27,90,32,65,26,92,28,80,15,0,0,90,50,78,42,82,51,92,82,74,43,75,45,92,28,83,84,92,25
mizoteru,1761,10113,JPN,PSN,Nash,72,69,36,72,58,71,99,64,148,65,72,70,48,71,115,69,36,100,7,84,118,71,171,71,80,72,150,68,135,76,94,68,107,75,216,77,67
456_ht,1303,10141,JPN,PSN,Birdie,75,75,20,82,57,81,48,65,83,71,45,68,41,82,96,80,42,100,4,85,107,67,113,79,100,74,112,67,88,78,107,69,73,75,129,76,38
bowerman51,893,10116,JPN,STEAM,Laura,79,94,17,76,30,70,55,84,51,84,32,54,33,84,52,81,32,100,2,77,66,78,76,85,64,85,75,73,46,86,58,74,51,81,127,73,26
iori-jr,420,10227,JPN,STEAM,Ken,80,81,11,100,4,82,23,91,35,80,10,66,12,76,25,76,13,100,6,64,28,71,39,86,23,82,46,80,31,87,16,83,36,79,54,83,6
BNBBN_1231,351,10225,JPN,PSN,Ken,86,77,9,93,16,80,15,82,23,93,16,82,17,82,29,90,10,100,4,82,40,82,23,91,23,79,24,80,26,100,12,100,16,92,40,100,8
rockpon,1400,10104,OTH,PSN,Ken,81,90,44,67,34,87,83,81,81,80,40,53,30,80,68,59,22,100,13,84,128,85,152,86,83,78,143,80,51,76,141,78,46,84,220,95,21
saidolook,342,10099,JPN,PSN,Nash,85,100,4,86,15,90,21,73,15,100,11,50,8,100,12,90,10,100,8,82,40,83,24,70,17,75,24,95,24,87,16,81,16,91,56,80,21
commander,499,10121,USA,PSN,Dhalsim,87,86,15,94,19,85,27,81,27,84,25,84,19,91,34,66,3,92,13,78,33,88,36,90,41,82,34,92,27,86,38,92,14,94,70,86,15
DrKongFu,830,10130,USA,PSN,Chun Li,77,78,32,83,30,72,68,79,34,80,25,50,22,77,92,75,20,0,0,77,83,81,72,85,49,66,48,76,63,72,48,77,18,84,113,100,13
CristianRG,677,10117,ESP,STEAM,Ken,76,94,17,50,22,82,34,70,44,85,28,72,18,58,51,88,9,100,2,83,59,73,60,71,32,82,58,77,40,73,30,70,31,79,101,80,41
Snafoo,380,10120,CAN,STEAM,Dhalsim,82,100,8,100,4,62,16,72,18,100,4,90,20,92,14,25,4,0,0,84,38,68,22,76,17,93,15,92,28,66,12,90,10,88,43,80,5
Despair_Syndrome,260,10086,JPN,STEAM,Dictator,93,0,0,100,14,85,7,89,28,100,7,100,9,94,59,100,2,0,0,100,13,76,17,87,8,100,17,90,10,87,8,100,2,100,11,75,4
kamome,416,10109,JPN,PSN,Nash,87,88,9,84,13,96,28,81,16,80,20,75,12,87,24,86,15,100,6,95,63,88,25,88,27,83,31,79,29,83,18,86,30,92,39,90,11
hotaru23,792,10063,JPN,STEAM,Zangief,79,79,34,66,39,91,35,80,61,82,39,66,27,67,49,85,21,0,0,80,61,75,85,80,42,65,49,83,53,76,34,85,49,86,84,90,30
DojimaGin,464,10115,SLV,PSN,Cammy,82,85,21,81,11,73,15,55,9,83,6,81,11,94,17,66,9,90,10,83,24,71,21,87,16,86,15,90,10,94,18,66,6,93,15,66,9
stigmata,801,10060,JPN,PSN,Necalli,80,73,26,74,27,82,50,71,49,78,23,78,28,79,48,66,15,100,10,87,58,88,78,76,34,74,54,79,72,88,51,69,49,85,83,76,46
denkiyasan_1212,323,10101,JPN,PSN,Dictator,87,90,10,100,5,82,23,86,23,90,20,77,9,100,15,83,6,0,0,94,34,100,23,79,24,95,24,69,33,83,12,92,13,86,37,91,12
FesB_KOTORANCE,310,10099,JPN,PSN,Cammy,93,100,11,85,7,90,10,100,21,90,10,100,6,94,18,85,7,0,0,96,28,83,30,91,12,91,47,80,21,100,19,100,8,100,41,100,14
Nishio_o,353,10099,JPN,PSN,Cammy,84,91,12,70,10,86,15,84,32,88,18,80,5,81,33,83,12,0,0,85,35,87,41,82,29,62,24,66,15,94,17,100,10,97,36,88,9
MAGAME1724,2103,10257,JPN,PSN,Ryu,69,80,25,70,44,70,67,53,78,67,46,72,33,65,70,88,17,36,11,70,99,72,125,83,54,78,126,62,77,71,67,48,29,69,138,75,29
ty_ty045,1201,10081,JPN,PSN,Dictator,83,85,60,67,34,87,79,75,72,80,78,84,19,83,62,77,22,100,14,89,94,80,165,83,83,84,83,86,87,86,72,78,37,90,113,81,27
OtaniRyu,434,10050,JPN,PSN,Ryu,77,100,9,77,9,72,18,69,26,100,12,82,23,80,30,66,6,100,2,85,34,94,39,76,21,64,39,73,26,72,40,82,29,69,63,50,8
redpony,201,10034,SGP,PSN,Ryu,94,100,7,100,1,95,21,100,2,100,4,100,6,91,24,0,1,87,8,96,33,100,17,100,13,66,15,100,10,100,4,100,5,100,28,100,2
TheMochaLatte,777,9758,USA,PSN,Ken,81,88,17,70,24,65,49,78,51,72,40,72,36,86,74,88,25,90,11,87,63,76,43,90,43,80,80,83,48,92,40,91,24,78,82,77,27
bobby_syoryuken,1532,10037,JPN,STEAM,Ryu,74,83,49,68,57,71,92,69,107,78,70,65,52,70,74,68,25,77,18,72,140,72,108,84,93,70,126,64,85,73,115,89,49,78,222,90,50
Raizen-SP,1178,10090,BRA,PSN,Dictator,82,89,57,78,60,88,59,91,24,82,46,80,61,84,100,65,20,100,7,71,117,76,68,71,73,80,122,81,66,78,76,89,29,96,142,84,51
persianeko,1680,10083,JPN,PSN,Ken,77,90,55,76,42,73,78,68,111,70,82,76,42,81,124,79,34,96,27,78,163,80,160,81,99,74,132,70,162,70,97,80,85,88,157,76,30
SweetDaddyGoodLo,400,10051,USA,PSN,Fang,88,0,0,93,15,100,15,100,8,93,15,92,13,81,22,75,4,0,0,88,26,89,28,80,15,90,30,81,27,80,15,100,13,81,27,92,13
AlphaBee,386,10030,USA,STEAM,Dictator,94,100,3,100,20,100,22,100,31,100,12,63,22,97,34,88,9,0,0,98,57,88,17,91,23,91,36,90,21,100,16,100,14,94,37,100,12
robsux,2096,10056,AUS,PSN,Karin,81,81,38,92,38,77,75,68,45,70,44,63,46,75,123,90,30,91,23,80,93,77,112,73,52,86,129,84,79,76,76,86,29,89,263,96,54
Proudstrawberry,1134,10071,JPN,STEAM,Necalli,77,65,38,58,58,84,63,78,70,63,60,84,32,72,69,64,17,100,8,84,73,77,121,80,60,81,120,75,70,76,52,82,75,80,118,75,29
MindGainz,595,10044,GBR,STEAM,Birdie,79,94,34,66,27,81,32,76,21,67,34,52,23,79,64,75,16,100,1,87,49,96,32,63,33,77,27,80,41,78,32,76,13,87,83,79,24
amonra,1087,10040,CHE,PSN,Necalli,75,88,27,83,48,73,69,73,46,80,65,66,18,72,93,77,18,100,2,74,104,78,73,68,57,69,93,70,84,85,47,84,50,76,125,87,24
tboykin,959,10058,USA,PSN,Ken,76,86,22,80,35,80,66,63,52,68,57,90,11,66,69,68,25,85,7,71,60,76,38,82,51,68,72,69,43,80,47,83,31,87,116,79,29
Kousaka_Honoka,372,10012,JPN,PSN,Dictator,87,89,19,61,13,72,22,73,30,82,17,83,6,96,29,88,18,50,2,93,32,88,35,86,22,100,29,100,20,86,29,81,16,96,32,100,1
Furorian,426,9960,FRA,STEAM,Birdie,78,85,7,84,13,83,18,72,18,73,15,61,13,77,40,80,5,100,3,84,39,83,31,67,31,76,38,85,20,64,17,66,24,87,74,76,17
mago2dgod,472,10030,JPN,STEAM,Karin,88,100,5,93,16,87,39,76,26,90,21,88,9,92,25,69,26,0,0,92,38,96,61,82,29,87,33,92,26,89,28,76,30,97,35,80,15
210SinisterX,536,10063,ESP,STEAM,Dhalsim,82,82,51,94,19,89,39,70,44,77,27,85,7,71,32,81,11,100,9,80,36,82,39,81,27,91,34,88,35,81,33,72,18,88,62,81,11
d-a-i-k-o-k-u_GO,1331,9992,JPN,PSN,Birdie,75,84,32,81,37,70,57,71,77,87,58,60,28,72,95,70,34,71,7,80,126,73,134,78,70,73,163,66,106,77,67,77,71,83,127,73,38
Carlos_FL,498,10051,USA,PSN,Chun Li,83,100,14,88,26,70,27,56,16,82,41,64,17,87,39,71,14,100,2,79,43,92,26,92,25,85,27,100,21,64,17,89,19,96,58,0,3
huntaNX,599,10050,JPN,PSN,R. Mika,82,100,3,72,22,85,35,85,34,83,12,86,15,84,51,66,15,0,0,75,45,85,61,92,25,85,42,80,60,75,44,80,41,84,46,85,14
mi-ha-l,945,10052,JPN,PSN,Nash,77,83,18,64,28,91,35,75,60,67,40,66,36,80,60,66,24,93,16,87,62,79,106,81,53,70,62,70,78,71,74,73,53,90,95,77,45
MATADORA_05,1362,10002,JPN,PSN,Necalli,77,80,50,74,35,80,77,78,78,73,84,76,25,67,79,95,22,86,43,80,111,70,151,68,57,75,94,79,117,75,77,80,68,84,146,81,48
CrazyForSF,722,9991,KOR,STEAM,Dhalsim,80,95,23,71,21,75,45,79,39,80,26,61,21,80,46,92,13,100,14,78,52,78,70,88,42,77,68,81,43,72,37,75,36,83,98,92,28
Deskmenu,1018,9991,IRL,STEAM,Karin,71,83,18,71,46,63,60,67,34,67,52,60,46,65,102,72,22,73,23,78,66,77,81,79,48,68,87,56,55,81,44,62,37,78,132,86,37
TONPY-,481,10050,JPN,PSN,Chun Li,82,94,17,94,18,83,42,66,33,100,15,78,14,80,20,100,8,100,1,88,35,78,60,79,34,58,34,80,36,81,32,89,28,89,48,100,6
Nyc3-Da-Gawd,793,10053,USA,PSN,R. Mika,77,90,11,81,33,60,71,84,33,80,46,71,38,80,36,71,21,83,6,74,47,87,81,77,68,79,82,78,73,78,42,73,15,76,63,88,27
itazan,642,10026,JPN,STEAM,Zangief,79,94,19,87,16,80,26,68,32,69,42,50,10,91,24,81,11,0,0,85,47,70,31,90,41,77,59,66,33,85,28,75,16,82,57,81,16
AkiraHayama,602,9994,OTH,PSN,R. Mika,80,80,26,94,17,80,10,50,12,72,18,100,6,86,15,44,9,0,0,82,41,82,23,88,27,88,45,57,14,69,13,85,14,81,38,100,6
PANDA-Ren,929,10046,JPN,STEAM,Rashid,79,88,51,84,25,79,29,56,57,81,44,86,30,80,56,75,16,92,13,74,66,83,73,78,37,85,83,66,42,78,42,82,56,81,109,95,24
VENUSside,537,9992,JPN,PSN,Fang,80,85,14,70,31,60,41,75,32,95,24,81,11,85,20,77,9,84,13,78,55,87,62,70,27,84,45,85,28,82,35,85,20,77,58,90,11
infexious,823,10019,GBR,PSN,Zangief,71,56,16,75,20,63,30,78,37,58,58,77,9,74,82,86,15,72,40,75,54,72,99,65,47,61,68,86,29,58,36,60,23,80,143,76,17
Christian_Ken,372,10042,USA,PSN,Ken,80,94,18,89,19,58,24,93,16,80,21,71,21,86,23,77,9,0,0,75,20,74,31,77,22,82,28,76,21,77,22,71,14,87,40,85,21
inuchiyo5131,282,9984,JPN,PSN,Dictator,83,90,10,87,8,81,11,71,14,71,14,100,3,80,15,90,11,100,11,95,21,68,25,94,18,88,35,70,30,70,17,100,13,91,24,50,2
1145141919o,387,9973,KIR,PSN,Necalli,78,72,11,73,15,70,30,77,40,69,13,61,13,66,18,80,5,0,0,87,24,80,45,95,20,75,33,65,23,93,15,61,21,89,49,100,12
PSN_Network,626,9973,LBR,PSN,Chun Li,79,89,37,68,16,84,52,83,37,73,19,58,24,78,51,100,8,0,0,73,42,73,42,80,41,91,37,65,41,74,51,68,16,86,89,86,23
HelloKittyRicki,576,9982,USA,PSN,Chun Li,91,100,12,92,38,95,20,90,33,90,22,95,20,92,39,100,20,0,0,90,42,88,45,92,39,95,40,79,34,96,27,100,5,90,54,93,15
SimSim,1292,10031,NOR,STEAM,Dhalsim,87,85,28,84,59,81,54,77,54,89,39,92,40,86,108,97,36,71,38,91,118,90,104,93,59,88,117,82,69,82,63,90,40,89,202,90,63
Kabichu-,1212,9981,JPN,PSN,Cammy,72,83,31,80,26,70,64,59,74,60,65,70,47,74,63,77,36,71,14,81,86,75,124,73,63,70,120,72,91,75,85,73,61,73,145,64,17
RoyalMist,970,10135,USA,PSN,Birdie,83,90,30,88,36,74,47,65,47,85,27,68,19,94,52,80,21,66,3,83,55,84,53,77,45,89,58,84,39,77,44,80,36,93,87,79,24
Demulant,259,10030,DEU,PSN,Ryu,85,90,11,85,7,100,9,100,11,81,27,75,8,84,13,100,3,90,11,87,8,75,24,72,11,87,24,72,18,83,12,100,13,88,45,66,3
tykityki9,669,9975,JPN,PSN,Laura,81,90,22,83,31,71,52,70,41,71,21,80,15,78,32,85,20,100,9,83,74,77,76,93,33,82,41,74,59,87,33,93,15,86,75,70,20
topzzazang,265,9978,KOR,STEAM,Dhalsim,82,66,3,86,15,93,15,66,6,100,9,66,6,88,18,60,5,100,1,88,25,76,30,92,26,83,31,81,11,73,15,100,4,71,32,84,13
k-panther,329,9997,JPN,PSN,Chun Li,76,80,5,66,15,76,21,67,31,90,10,80,10,73,19,81,11,100,5,88,27,88,34,71,14,72,29,75,20,50,20,68,16,83,37,50,4
Hopper143,270,10022,JPN,PSN,Dictator,83,91,12,75,12,72,22,20,10,87,8,80,5,75,16,50,6,100,5,86,29,100,26,77,9,86,29,85,21,90,10,81,11,100,30,88,9
oko-chicchi,1142,9966,JPN,PSN,Ken,73,80,46,82,47,75,60,56,62,86,45,66,51,84,44,66,27,100,9,84,85,80,131,75,68,62,107,74,93,67,67,60,55,71,126,78,19
Dizziness,513,10005,KOR,STEAM,Chun Li,84,85,21,82,17,78,32,68,25,88,18,85,14,86,45,81,16,100,3,91,37,84,50,92,27,80,56,80,21,78,33,93,15,83,61,94,19
LikeWhiteBread,1222,10028,KOR,PSN,Fang,72,79,58,74,66,75,91,69,68,72,37,84,33,60,65,80,20,78,19,85,115,77,106,66,78,53,96,70,81,72,55,71,39,70,160,68,35
KeNt4r0,637,10028,JPN,STEAM,Zangief,80,92,14,85,21,75,45,72,37,62,32,44,18,91,36,88,9,0,0,84,59,79,43,88,50,72,58,83,36,84,46,89,29,84,73,83,31
hydeBUFFY,788,9974,OTH,STEAM,Cammy,77,100,9,83,31,70,57,56,41,60,30,61,31,67,53,85,21,0,0,78,75,84,38,86,52,80,88,81,64,85,56,74,35,77,83,94,19
Oppaopp4,871,9963,JPN,STEAM,Laura,77,94,19,71,28,70,84,79,63,85,28,72,29,75,40,64,17,0,0,80,61,81,70,78,73,77,90,83,60,71,46,71,59,75,81,86,23
Numb1986,290,9973,CHN,STEAM,Chun Li,90,100,1,100,2,75,8,100,24,83,6,100,8,93,16,83,6,100,13,82,47,91,12,64,17,97,43,66,12,85,20,100,4,100,38,92,13
UrbanFlow,760,9989,USA,STEAM,Karin,74,75,28,68,41,59,47,46,50,86,46,79,24,69,59,81,16,94,18,80,57,63,63,75,40,94,34,65,32,85,68,64,34,88,79,70,24
Tackle-M,1241,9969,OTH,PSN,Ken,70,67,40,77,27,61,59,70,70,67,53,76,42,81,107,78,32,85,7,65,66,66,132,78,79,59,134,63,74,73,69,78,51,71,134,78,65
sawasama,1388,10217,JPN,PSN,Nash,77,76,38,74,58,76,85,75,86,58,63,78,33,63,87,67,43,100,23,69,102,87,140,76,64,73,138,79,105,80,70,63,63,89,136,96,53
SandBag86,838,10077,KOR,STEAM,Ryu,76,71,28,63,19,83,48,51,45,70,37,80,31,68,45,83,12,93,29,85,54,84,65,74,50,76,111,75,62,81,43,89,19,74,123,64,17
Excelancer,439,9931,USA,PSN,Karin,88,100,5,96,27,94,17,87,24,81,38,87,16,84,38,83,12,100,4,78,28,76,30,95,40,92,26,85,27,89,19,100,20,92,40,100,8
WT-kami,330,10016,KWT,PSN,Ryu,84,83,24,94,17,80,15,86,22,91,23,80,15,54,11,50,4,0,0,87,32,87,24,86,15,80,20,95,24,78,23,50,4,94,37,80,20
Gatyokun,322,9986,JPN,STEAM,Cammy,84,100,15,100,6,86,22,100,9,61,13,100,2,87,16,100,4,85,21,63,19,78,28,88,9,79,24,85,27,73,19,90,22,92,56,70,10
BurningG,714,9994,USA,STEAM,Chun Li,91,100,14,92,39,88,18,94,37,89,19,90,11,97,35,82,23,100,5,100,24,92,27,89,49,95,46,88,44,96,30,90,21,86,45,86,23
KBTlT810,353,9994,JPN,PSN,Zangief,87,100,12,93,15,100,14,76,38,100,16,83,12,94,18,75,12,100,2,92,26,96,28,78,19,68,22,73,30,91,23,91,12,93,47,85,7
NTT-_-,957,9954,JPN,PSN,Chun Li,71,81,27,67,37,66,59,62,50,75,33,59,42,76,60,72,18,88,18,87,74,68,83,76,43,58,78,70,71,67,56,57,45,81,137,72,18
REBELO,649,10083,CAN,PSN,Nash,83,100,7,73,34,82,34,78,61,81,37,76,17,83,43,92,13,0,0,80,57,89,47,82,50,81,54,78,52,73,30,96,27,93,64,100,22
nanai_so,595,9963,JPN,PSN,Dictator,79,62,8,78,19,87,49,76,39,72,22,76,13,77,57,63,11,0,0,89,58,79,49,59,22,81,55,75,54,80,21,78,38,79,67,84,13
SHOGO_aka_KornUG,1045,9991,JPN,PSN,Chun Li,77,91,37,60,15,82,91,75,52,76,50,71,32,76,38,75,28,100,6,86,88,68,129,84,46,61,90,80,90,84,45,74,62,85,114,84,32
hahaahahahahhaah,970,10006,USA,PSN,Necalli,83,85,48,74,47,94,34,74,39,89,55,74,43,80,40,91,24,76,17,76,85,88,59,88,51,85,69,77,36,81,114,77,35,87,131,90,43
Tsvill,495,9950,JPN,PSN,Birdie,82,100,9,77,22,75,29,82,28,75,16,66,12,95,23,77,9,0,0,100,35,80,35,89,28,80,50,79,44,80,35,76,39,86,61,83,18
Townerjamz,922,10004,OTH,PSN,Dhalsim,80,90,62,68,138,85,35,90,43,87,32,89,37,80,36,88,18,100,4,71,57,75,57,83,49,91,82,75,61,74,62,70,24,80,82,91,37
GAMEtoHITO,321,9979,JPN,PSN,Dhalsim,78,87,16,80,10,62,16,82,23,76,17,60,10,50,14,0,1,100,8,83,31,84,39,77,9,61,31,95,21,58,12,68,19,97,35,100,8
DSC-Khannibal,666,9979,MEX,PSN,Alex,70,62,16,94,17,73,19,70,30,51,31,80,21,64,25,45,11,75,4,78,32,70,48,80,35,83,30,74,27,68,29,54,37,73,53,70,10
BCW_blindo,306,9988,DOM,PSN,Karin,78,56,16,85,7,80,26,100,8,63,19,100,7,80,10,50,8,66,3,84,13,82,23,75,8,90,32,85,27,66,33,60,20,90,41,80,5
bebop207,1462,9957,JPN,PSN,Rashid,75,85,28,76,72,72,81,73,90,71,69,67,61,71,81,76,46,0,0,78,130,80,135,76,86,73,118,78,112,73,68,80,94,76,142,63,49
AF_soluo,275,9975,JPN,PSN,Dhalsim,84,100,10,71,7,71,7,66,3,86,22,69,13,72,11,80,5,83,6,87,40,81,32,100,15,86,30,61,13,76,13,87,16,100,23,100,9
200won,1316,10004,KOR,STEAM,R. Mika,71,72,44,71,45,74,108,63,76,70,40,62,29,75,64,76,38,62,16,75,95,69,133,76,94,66,140,66,80,77,79,69,49,75,140,63,46
llmokell,860,9982,OTH,PSN,Rashid,76,74,27,94,18,74,58,69,52,64,48,76,25,80,56,75,16,100,8,87,62,63,88,78,61,75,82,79,64,72,44,80,31,77,104,87,16
StDxBlitzMan,351,9468,CAN,PSN,Karin,79,82,17,95,20,66,18,72,18,50,12,62,16,86,22,41,17,100,6,82,29,85,20,100,12,89,38,71,21,66,15,85,7,86,51,100,8
Soriku16,1240,10013,USA,PSN,Chun Li,78,82,67,75,60,80,88,69,82,74,43,68,45,87,74,63,33,80,25,79,101,81,79,75,73,84,109,79,62,59,83,75,37,86,144,90,33
icemanHIKARU,631,9981,JPN,PSN,Ryu,79,80,15,86,15,85,60,63,41,70,20,83,12,84,44,63,19,100,8,75,53,87,63,85,42,80,65,70,37,84,38,78,23,83,61,71,14
kawawa7,314,9980,JPN,PSN,Cammy,82,100,5,100,11,88,17,73,26,95,21,71,7,89,28,85,14,0,0,84,19,70,24,88,18,78,41,61,21,77,9,83,12,90,33,62,8
ThePrincess,667,9041,USA,PSN,Fang,75,62,43,94,34,62,35,56,16,78,33,82,17,59,57,100,5,100,2,76,60,89,47,84,46,74,75,73,38,67,31,70,24,81,75,75,29
Stupendous,358,9969,USA,STEAM,Zangief,82,88,18,62,8,80,15,60,15,40,5,66,15,100,21,80,10,100,7,89,39,85,20,88,18,90,20,65,38,92,28,66,9,85,64,100,8
Zeusb_BR,717,9999,BRA,PSN,Karin,87,95,24,76,21,89,29,95,22,100,24,77,18,82,46,73,23,100,9,90,66,87,57,85,41,79,87,88,43,91,35,90,33,93,116,86,23
Tuskapapaja,340,9992,DEU,STEAM,Dictator,97,94,18,100,8,100,20,77,9,100,10,100,1,100,20,92,13,100,11,100,22,95,44,100,8,100,27,93,16,88,9,100,7,98,91,100,6
Nas-sim69700,368,9991,FRA,PSN,Claw,82,90,11,66,9,100,10,78,19,78,23,92,13,80,21,81,11,100,7,88,17,76,34,51,33,88,25,73,38,85,21,92,14,96,54,100,6
crusher0809,452,9936,JPN,STEAM,Birdie,84,87,8,86,15,91,23,88,44,92,13,64,14,70,31,50,12,0,0,93,29,93,29,77,31,82,40,95,24,91,24,84,26,82,70,89,19
Nutrient,927,9945,CIV,PSN,Birdie,82,77,22,90,43,74,55,69,56,81,44,60,25,80,91,76,13,0,0,81,110,88,76,88,42,86,84,89,58,78,50,76,25,89,111,95,21
patmonsta209,506,9935,LBR,PSN,Nash,85,75,8,77,35,84,26,87,33,81,22,84,13,69,39,77,9,100,3,95,46,91,36,83,31,80,50,96,29,86,23,86,22,95,65,73,15
CaiusMorrigan,353,9999,NLD,PSN,Chun Li,84,100,2,54,11,66,18,91,23,78,23,100,12,86,37,83,6,100,1,87,40,80,21,84,13,91,24,80,26,86,15,75,4,90,55,84,19
michmichmichmich,229,9805,DEU,STEAM,Ryu,96,100,10,75,4,91,12,93,16,100,4,100,6,100,9,100,6,100,8,100,19,78,14,100,18,100,21,100,18,100,9,100,10,94,34,100,11
NotMyRealName,643,9934,FRA,PSN,Zangief,87,91,12,76,17,100,15,90,22,90,10,30,10,93,32,87,8,0,0,93,29,93,31,86,15,85,27,84,19,100,17,83,12,84,50,81,16
MK-Pandorica,552,9920,TUR,STEAM,Ryu,88,100,17,70,17,77,22,88,27,82,29,76,13,79,48,60,10,100,10,88,26,81,37,90,33,97,45,75,32,100,20,100,14,94,127,96,25
AT-Shadow,1801,9779,JPN,PSN,Laura,80,90,61,75,58,82,100,72,135,75,103,74,78,78,106,83,37,61,21,78,161,86,179,93,94,74,190,74,98,70,82,78,66,90,194,81,38
Palmeirense_crt,1167,10082,BRA,STEAM,Laura,85,81,43,80,30,86,75,87,33,90,30,75,44,84,108,60,15,73,15,86,97,92,75,82,75,86,128,71,96,90,52,84,26,89,189,94,36
LegendarySaiyan-,1738,10152,USA,PSN,Laura,78,82,64,76,78,74,112,68,98,77,86,81,64,83,118,77,49,81,22,76,176,75,145,86,98,87,158,79,82,83,81,82,41,76,210,73,56
etanim,2164,10051,JPN,PSN,Chun Li,78,87,88,73,75,74,121,68,131,81,80,65,86,74,158,81,59,100,4,83,197,83,173,84,126,72,173,76,148,85,120,71,87,84,281,87,56
umekomi,449,9997,JPN,PSN,Nash,84,100,8,75,16,93,30,83,31,54,11,66,15,88,17,92,14,0,0,91,48,93,47,84,26,77,31,86,23,82,29,76,26,82,47,84,19
SOABrenoF1ght3rs,636,10218,BRA,PSN,Ken,79,93,46,80,20,81,33,74,27,85,21,45,20,84,32,66,15,100,8,77,45,86,51,81,65,83,37,57,54,80,40,76,13,84,66,87,8
Rampagelex,2119,9930,ESP,PSN,Nash,73,77,53,58,78,67,109,65,123,66,124,65,43,64,174,68,45,100,18,73,173,77,168,68,130,80,178,71,144,80,81,78,51,80,343,79,84
AuLord,546,9898,USA,STEAM,Cammy,79,84,26,75,16,83,30,93,32,61,21,66,18,86,29,30,10,100,14,78,57,88,45,68,54,89,38,90,22,75,32,62,8,80,88,66,6
FluxWaveZ,2167,9969,CAN,PSN,R. Mika,70,75,119,75,92,71,124,58,152,66,121,62,80,73,130,80,41,69,33,72,149,78,147,76,148,71,153,70,131,64,153,66,68,72,265,66,60
MrKingFunk,492,9816,DNK,STEAM,Birdie,86,100,2,64,17,78,37,96,25,88,17,63,19,78,37,80,10,0,0,95,41,87,31,84,32,81,37,92,41,77,18,92,13,98,63,92,25
GoGo_yubari777,1258,9811,KOR,STEAM,Birdie,77,78,32,90,30,75,56,57,61,70,50,73,38,84,75,68,35,91,23,74,103,75,124,78,87,76,108,80,66,72,65,68,50,84,161,90,33
ShinRukus,1603,9927,USA,PSN,Ken,68,64,45,90,80,63,102,74,83,59,120,74,81,72,132,58,41,73,34,80,103,64,117,72,111,56,117,58,74,59,91,64,67,73,180,76,25
MDZ_jimmY,2401,9827,DEU,PSN,Ryu,84,80,88,76,90,79,143,80,124,82,93,89,56,79,188,73,83,100,20,88,173,83,187,82,105,90,202,86,148,87,85,80,87,89,424,88,88
EDWARDTING,160,9832,DOM,STEAM,Cammy,83,100,4,100,2,100,2,68,16,76,17,88,9,82,17,75,4,80,10,80,5,85,20,100,3,100,9,100,2,72,11,80,5,83,18,100,6
OmegaGreen,1093,9690,OTH,PSN,Dictator,82,80,20,59,27,83,49,86,60,61,44,35,17,89,58,88,50,100,14,91,81,82,123,92,56,79,112,77,81,70,89,78,51,92,128,80,31
IceEffect,1253,9756,USA,PSN,Laura,72,80,77,69,81,72,84,63,55,76,71,72,43,61,68,81,38,73,15,66,143,76,90,69,46,75,97,67,81,78,61,71,28,77,140,62,35
sup_or_jg,164,9788,JPN,STEAM,Chun Li,93,100,15,75,4,75,4,100,4,100,3,100,3,0,1,100,3,100,12,93,15,100,23,100,10,92,13,85,20,100,3,100,1,91,24,83,6
santarou,678,9801,JPN,PSN,Necalli,76,46,13,67,28,82,34,72,43,85,21,73,23,71,53,69,13,90,20,82,51,72,74,82,23,73,38,72,36,73,30,62,27,92,70,90,10
MarnHQ,750,9690,OTH,STEAM,R. Mika,78,86,23,70,30,92,25,77,58,75,36,73,30,85,35,83,24,0,0,81,49,78,84,79,48,78,69,74,51,80,40,81,27,78,71,72,18
PxG_Ice,333,9636,USA,PSN,Dictator,89,100,2,84,25,83,18,83,12,95,20,92,13,97,35,83,6,0,0,94,19,96,25,85,27,87,32,85,20,84,19,93,15,88,27,100,8
FlyGamer,393,9652,USA,PSN,Chun Li,88,100,2,77,18,92,27,100,29,94,19,88,9,85,28,62,8,100,9,89,37,84,19,88,17,90,41,75,24,96,29,88,9,85,57,90,11
RUFIANMX,424,9527,MEX,PSN,Ryu,72,72,29,64,17,80,15,60,33,78,32,69,13,80,20,50,8,100,10,78,38,82,39,70,24,47,34,66,33,63,19,80,10,75,33,93,16
Shingolex90,532,9682,BRA,STEAM,Necalli,84,93,29,90,33,80,30,70,10,60,10,81,27,79,54,86,15,100,15,85,35,90,42,90,20,85,27,82,35,88,27,62,8,86,95,80,20
MagMan,368,9677,USA,STEAM,Karin,79,94,17,43,16,83,18,59,27,76,13,76,21,78,14,83,6,0,0,83,36,89,29,81,16,85,35,71,28,87,16,80,15,90,32,87,8
Nemonic,415,9851,USA,PSN,Ryu,84,84,19,100,9,95,24,77,36,88,18,72,25,83,24,33,3,100,2,74,39,86,37,89,28,100,24,73,23,84,26,87,16,88,51,100,11
padzeikmr,649,9450,JPN,PSN,Necalli,83,83,18,85,28,86,46,78,41,77,27,85,14,76,42,100,4,100,6,84,52,87,62,89,28,81,64,75,56,92,27,81,33,88,85,87,16
iidxutj,280,9600,USA,STEAM,Dhalsim,82,0,0,83,12,81,16,76,21,86,15,61,13,91,23,83,6,0,0,86,22,88,17,84,13,72,29,75,20,77,22,84,13,93,31,100,7
801_Strider,797,9616,USA,PSN,Ryu,76,65,20,100,14,60,5,71,7,85,7,81,11,65,20,71,7,91,12,70,24,61,26,87,16,78,14,70,10,77,36,100,5,79,59,75,4
Mignon_Luffy,403,9608,FRA,PSN,R. Mika,83,100,4,85,20,95,21,73,30,83,6,100,8,92,39,66,6,100,3,86,15,78,33,100,7,86,30,70,17,76,17,100,3,83,53,72,18
D-Rezz,483,9981,USA,PSN,Necalli,80,86,15,87,16,93,16,85,21,85,20,80,26,65,20,80,5,0,0,81,33,77,27,75,16,72,29,78,32,88,17,81,16,72,37,100,6
Filipinoman,307,9587,OTH,PSN,Chun Li,90,80,10,92,13,100,11,90,20,90,20,0,0,95,22,100,12,100,11,96,25,93,15,91,12,80,31,100,12,68,25,88,9,94,39,95,20
Fairyland,1822,10438,AUS,STEAM,Nash,89,87,31,89,47,85,69,95,23,91,59,77,54,80,102,94,36,96,25,91,82,88,98,90,62,91,103,86,83,88,102,88,42,94,251,87,70
Fragment,1087,9252,USA,STEAM,Chun Li,73,65,47,68,54,75,60,77,57,58,55,62,45,76,85,46,13,82,52,67,97,73,93,77,70,81,88,70,51,71,59,81,43,86,88,73,30
dai5697188,285,9538,OTH,STEAM,Ryu,80,85,7,45,11,95,22,76,13,92,13,58,17,71,14,100,6,100,4,78,23,61,13,100,16,75,20,64,17,90,10,90,20,90,40,68,19
Takamura13,879,9529,NLD,STEAM,Ken,74,78,37,65,29,72,74,80,55,55,34,50,12,71,67,41,17,90,10,67,68,72,85,76,47,80,71,78,61,87,33,61,31,79,124,83,24
Edgoos,272,9517,FRA,STEAM,Nash,85,100,8,80,10,100,17,94,18,71,14,66,12,90,22,85,7,100,2,78,14,90,22,85,7,80,20,66,15,80,5,87,16,90,41,81,11
0nblast,1440,8882,OTH,STEAM,Ryu,70,72,58,65,44,59,57,67,73,73,34,60,65,68,73,50,26,71,32,72,100,68,97,76,94,64,93,66,60,82,64,84,19,79,158,76,56
SandBag21,613,9616,OTH,STEAM,Ryu,79,84,33,90,32,77,49,38,39,70,17,85,20,62,29,83,6,100,2,92,50,83,54,89,39,85,57,55,43,91,36,68,19,86,52,100,10
Marvisto,361,9504,USA,PSN,Ryu,87,100,16,88,17,80,20,100,15,90,21,69,13,95,23,100,7,100,2,93,33,90,20,90,20,85,35,88,18,84,32,85,7,75,45,94,17
BTM_Brian,215,9449,GBR,PSN,Chun Li,85,100,1,70,10,90,10,87,8,100,6,60,5,89,29,100,1,0,0,86,15,100,10,70,10,93,15,90,10,77,9,77,9,75,16,100,3
Celeron,1028,9496,USA,PSN,Cammy,76,83,30,60,45,64,79,68,47,76,43,56,23,80,62,46,41,78,55,91,80,81,54,84,85,88,92,55,40,69,72,63,30,90,127,65,23
tenafly_viper,629,9400,USA,STEAM,Birdie,78,63,22,90,30,81,38,55,59,85,49,72,18,75,53,75,16,100,4,71,60,74,31,73,41,80,42,96,25,94,17,81,22,87,78,100,10
Hado_Jacvinjack,1229,9454,FRA,PSN,Laura,79,84,33,96,29,75,92,73,75,80,85,76,65,79,43,73,38,83,30,70,98,84,110,88,62,81,79,72,69,81,49,82,41,78,201,92,25
SypherFlame,799,9443,USA,PSN,Necalli,75,83,31,78,32,82,39,69,42,81,55,74,31,67,62,70,24,100,2,75,73,80,62,74,50,75,62,67,43,76,42,81,27,77,105,64,17
Fuhaj1n,907,9455,BEL,PSN,Nash,74,79,44,74,31,71,63,73,53,73,30,68,19,51,77,56,25,85,27,82,70,92,67,66,57,61,90,79,44,76,34,71,32,88,111,84,32
chenjf916,300,9454,CHN,STEAM,Laura,87,100,4,92,13,90,10,89,28,0,0,100,5,93,15,100,5,100,22,94,18,84,13,77,18,82,17,78,14,88,17,75,4,81,58,90,11
DidimoKof,198,9457,BRA,STEAM,Dhalsim,94,100,3,100,1,90,10,100,18,100,3,100,8,60,10,100,6,100,8,95,22,100,19,85,14,94,19,100,7,100,4,90,11,100,22,100,2
waist100cm,363,9448,OTH,PSN,Laura,80,72,11,80,10,84,13,90,20,69,43,92,14,87,16,80,5,0,0,86,29,89,38,83,18,79,29,76,21,87,16,65,26,82,35,76,13
Lucius_RnK,298,9153,FRA,PSN,Chun Li,89,100,6,100,7,84,13,85,7,80,10,83,12,75,29,66,3,100,3,95,21,100,23,100,10,87,24,84,13,66,12,100,12,97,34,87,8
DSC_Fitt3dcap,288,9188,USA,PSN,Karin,81,60,20,91,24,75,16,50,16,100,9,92,13,90,20,66,12,100,1,75,29,84,25,82,17,79,24,84,13,88,17,100,8,94,18,100,6
Crazy_EX,817,9399,USA,PSN,Cammy,75,95,43,75,53,79,34,70,37,69,49,40,30,65,69,86,15,100,18,68,86,84,53,70,54,76,63,75,45,69,36,77,22,90,73,67,37
cry_plus,1101,8948,USA,PSN,Nash,73,81,33,65,64,70,74,63,47,77,44,59,49,71,64,82,28,90,20,82,74,85,95,85,68,57,107,65,44,77,80,67,40,75,140,86,30
Fluddz,378,9374,USA,PSN,Laura,78,90,11,90,32,68,25,33,15,78,28,81,11,77,27,50,2,100,4,84,25,76,25,65,32,88,26,69,13,79,24,90,11,83,55,91,12
Jewelman,187,9356,USA,STEAM,Dictator,75,85,14,66,3,66,6,61,13,50,4,60,5,86,15,0,0,71,7,64,14,75,4,83,6,55,9,100,1,87,8,100,2,92,14,80,10
YamadaTaro,369,9342,JPN,STEAM,Chun Li,76,80,10,58,24,75,20,92,14,87,8,87,8,93,16,68,16,100,4,72,33,80,26,83,24,65,32,75,36,66,12,78,14,82,52,60,5
kold210,163,9385,LBR,PSN,Chun Li,96,100,7,100,1,100,5,100,3,66,3,100,3,100,8,75,4,100,3,91,12,100,6,0,0,100,2,100,1,100,5,100,4,100,8,100,2
kofROMANCE,403,9362,USA,PSN,Karin,79,88,25,64,78,100,10,100,17,87,8,69,33,100,13,0,0,66,3,85,21,100,16,88,17,75,41,81,16,69,33,76,26,96,31,73,15
Ludthinks,259,9434,USA,PSN,Chun Li,73,71,7,64,14,76,21,76,17,80,5,50,12,70,10,55,9,0,0,75,33,80,30,69,13,70,20,75,12,66,12,71,14,88,26,100,4
a_Z_z_Z_z,414,9311,PRK,STEAM,Ryu,81,81,16,83,6,83,24,64,14,75,16,93,16,68,25,87,8,50,8,83,42,94,37,96,26,96,29,87,31,83,31,80,10,66,60,80,15
LovelyCharmy,278,9327,JPN,STEAM,Claw,82,72,11,91,12,88,9,91,12,75,8,80,10,88,9,100,6,84,13,78,23,80,20,72,18,86,44,80,10,80,10,90,10,82,35,77,18
Jier-CN,662,9308,CHN,STEAM,Ryu,88,95,23,76,13,96,26,76,38,82,17,100,24,82,57,81,11,100,1,88,52,92,56,92,27,96,50,90,30,96,53,86,15,81,137,91,23
seraph-batuo,120,9249,JPN,PSN,Birdie,95,100,5,50,2,100,3,100,4,100,4,100,2,0,0,0,0,100,3,87,8,100,4,0,0,100,5,0,0,100,4,100,5,93,15,100,1
09091685988,490,9429,SYC,PSN,Karin,82,95,21,50,6,75,20,71,28,69,23,78,19,65,20,87,24,0,0,91,34,80,56,81,33,83,53,80,30,90,42,70,20,91,57,100,4
ChrisSenpai,506,9304,USA,PSN,Ryu,84,86,15,94,17,75,12,80,20,76,21,78,14,92,25,100,5,0,0,89,19,86,23,78,23,71,14,72,18,86,15,100,6,92,28,87,8
Reentrant,297,9299,JPN,PSN,Ken,79,100,10,90,11,80,20,68,16,81,22,40,5,60,5,80,15,100,4,89,19,68,35,75,24,92,14,91,12,68,19,77,9,80,45,91,12
VC_Supremesan,226,9190,ECU,PSN,Claw,84,87,8,83,6,80,15,77,9,77,9,100,3,86,15,100,1,100,6,82,17,70,10,100,9,100,19,100,9,61,21,72,11,84,45,100,13
Atrosh,737,9359,SWE,STEAM,Birdie,79,82,23,75,33,87,41,75,32,82,28,51,33,78,70,75,12,0,0,84,45,81,53,75,33,80,65,91,56,64,34,66,27,83,130,81,22
OwlHoHo,504,9281,JPN,STEAM,Cammy,78,100,7,66,24,80,31,63,30,68,25,73,23,87,24,90,11,100,6,84,39,84,45,91,34,86,46,78,41,83,24,60,30,76,51,69,13
psxsquall,718,9253,USA,STEAM,Claw,82,90,22,73,34,87,41,61,39,82,17,82,23,78,50,100,11,77,9,76,88,87,48,94,56,81,70,71,46,84,53,96,27,85,62,81,22
Takerhannibal,158,9146,OTH,PSN,Claw,79,100,5,100,6,81,11,81,16,50,4,50,4,90,11,66,6,100,1,70,10,100,6,81,11,58,12,84,13,75,12,100,4,80,20,100,2
NonFatYogurt,578,9234,USA,STEAM,Dhalsim,81,85,41,90,22,92,26,76,26,86,23,74,27,61,42,100,9,100,1,87,48,73,56,95,21,86,44,66,30,77,45,60,28,94,71,100,18
RKDAntics,145,9251,USA,PSN,Laura,81,88,9,85,7,75,4,94,17,50,8,100,3,71,7,0,0,90,10,80,15,60,5,60,10,75,4,100,2,100,5,88,9,90,21,66,9
MrEstrella,149,9229,DOM,PSN,Rashid,80,85,7,88,9,71,7,81,11,66,12,100,3,84,13,0,1,66,12,80,15,83,12,50,2,83,12,85,7,75,8,66,3,100,13,100,2
Kreymore,1947,9219,USA,PSN,Fang,83,80,56,91,45,73,90,79,88,78,37,100,25,80,25,72,11,94,36,85,120,72,75,83,68,89,67,84,52,73,52,90,22,90,108,85,55
CKT-Fergus,681,9174,IRL,PSN,Karin,77,70,31,59,22,74,47,73,23,67,28,77,36,71,63,94,18,81,11,78,47,80,40,97,37,67,37,78,46,84,45,90,20,80,89,75,12
X_Y_Z_Z_Y,1557,9233,KOR,STEAM,Birdie,77,87,40,86,53,80,102,64,54,84,46,71,57,78,98,73,56,100,18,77,135,78,118,68,102,80,166,81,69,76,105,75,101,76,194,81,37
TofuhaAsigaHayai,100,8875,JPN,PSN,Birdie,80,0,0,0,0,100,2,66,3,100,2,75,4,100,1,66,3,100,2,90,11,75,24,77,9,81,16,0,0,66,9,100,3,81,11,0,0
LaDOSE_Richiro,1455,9221,FRA,PSN,Ryu,75,81,43,76,55,68,70,73,71,67,71,47,55,60,113,80,45,66,21,77,109,82,108,90,83,71,119,77,101,83,67,82,51,81,187,84,84
ohkeySFV,448,9122,RUS,STEAM,Dictator,88,100,3,88,18,94,18,85,14,77,18,85,14,84,45,85,20,0,0,90,30,83,42,93,15,89,46,87,24,91,23,85,21,92,71,88,26
3beautiful5u,179,9198,USA,STEAM,Claw,86,77,9,83,6,100,7,71,14,84,13,50,2,100,14,80,5,0,0,82,23,58,12,91,12,92,13,66,3,100,14,66,3,100,24,100,5
5FOGWingedzero,465,9280,LBR,STEAM,Claw,78,90,10,78,28,68,22,70,20,77,27,63,11,87,32,73,15,100,7,84,32,74,27,72,29,90,30,81,27,78,19,70,24,73,52,84,13
XxRnVxX,534,9249,USA,STEAM,Claw,75,62,16,75,24,73,38,70,37,57,26,60,10,77,31,78,14,66,6,81,33,87,33,67,40,87,31,83,24,63,22,70,24,80,55,96,25
lim83man,463,9141,KOR,PSN,Ryu,84,60,5,58,12,96,30,85,21,76,13,78,14,80,26,80,10,0,0,89,46,90,40,80,30,85,35,76,26,77,18,83,18,92,40,100,6
TRT_Chiina,323,9138,BRA,PSN,Dhalsim,79,100,4,100,5,87,8,75,20,100,13,78,19,61,13,87,8,66,3,68,29,72,25,81,32,100,15,55,18,72,18,81,16,82,46,100,9
swagskheletor,252,9184,RUS,STEAM,Fang,90,88,9,86,22,100,1,100,10,100,14,100,5,80,21,100,2,100,14,100,10,92,26,100,2,94,19,64,14,50,4,95,21,94,37,88,17
samboner,1423,8884,USA,PSN,Nash,72,89,19,66,51,71,56,70,57,52,44,65,44,77,63,58,31,0,0,77,109,81,53,73,79,65,69,83,42,67,55,72,25,86,66,77,18
Soul_Bison,163,9161,FRA,PSN,Dictator,89,100,10,100,8,80,5,87,8,100,4,100,2,64,14,40,5,0,0,100,10,89,19,94,19,93,16,83,6,100,8,33,3,100,25,100,1
El_Tigre_Acosta,407,9176,ARG,STEAM,Birdie,87,90,11,100,5,100,6,50,2,100,5,100,12,92,27,90,11,0,0,85,28,84,13,86,15,76,17,70,17,100,6,100,4,87,49,85,7
Solidjin31,283,9170,FRA,STEAM,Claw,81,91,12,83,12,91,12,81,11,78,23,62,8,57,7,75,12,100,6,95,20,82,17,80,15,78,19,71,21,72,22,92,13,86,43,33,3
DaGodMC,437,9145,USA,PSN,Necalli,85,100,15,75,16,96,28,76,17,88,9,94,17,94,19,70,10,0,0,76,34,79,34,75,16,90,62,80,31,85,14,70,10,90,42,94,18
hakujin0914,515,9236,JPN,PSN,Dictator,79,89,19,100,6,84,25,68,29,61,13,95,23,72,29,53,13,100,2,87,54,82,45,74,35,67,46,75,53,86,23,88,26,81,66,87,8
matsu-56,667,9045,JPN,PSN,R. Mika,72,78,32,66,27,64,31,56,37,72,22,75,20,71,28,78,19,85,21,80,50,78,52,75,60,70,60,63,57,73,38,85,21,69,81,81,11
GreGouZ,514,9165,FRA,PSN,Chun Li,77,70,10,88,17,90,20,72,22,78,23,61,18,74,35,50,14,100,12,80,42,66,53,73,23,87,39,75,49,85,28,55,18,83,79,100,12
AutoMattockMusic,788,9158,USA,PSN,Laura,81,84,13,85,71,87,54,82,35,72,40,90,11,72,66,76,26,100,2,83,56,80,94,86,44,82,68,76,47,92,27,78,33,82,85,81,16
quartet999,118,9104,JPN,STEAM,Cammy,80,100,4,0,2,57,7,100,6,77,9,50,4,25,4,66,3,100,8,85,7,78,14,80,5,90,10,100,5,100,2,75,4,86,15,88,9
destructionTIME_,695,9101,GBR,PSN,Dictator,71,62,45,72,25,71,35,77,27,66,56,78,28,68,44,65,20,100,5,74,50,75,45,57,52,76,39,75,41,67,40,80,10,79,107,69,26
Halibut,931,9111,USA,STEAM,Dictator,80,75,16,74,31,72,33,82,52,74,31,82,46,82,50,82,29,100,3,85,97,90,52,78,51,78,46,91,24,70,60,78,23,80,121,64,17
ssslllooowww,980,9070,AUS,STEAM,Ken,85,96,29,87,31,90,40,83,53,90,33,76,34,65,46,94,18,100,20,76,73,93,60,81,53,84,109,81,43,80,57,87,16,89,189,84,26
Realistic,1151,9126,USA,PSN,Laura,75,100,28,84,65,64,84,69,69,72,59,61,59,78,92,90,22,69,13,76,116,69,84,87,85,76,73,75,44,78,75,77,40,70,112,73,26
botbMagneto1080p,1208,9215,USA,PSN,Karin,79,86,43,77,70,83,55,70,64,70,61,67,34,83,78,88,25,100,11,76,117,85,83,75,92,81,101,75,53,83,66,84,32,84,132,77,45
mattbison,584,9190,CAN,STEAM,Dictator,90,100,2,92,27,94,34,82,35,83,30,72,18,94,50,91,12,0,0,90,44,90,33,93,31,79,53,91,60,90,33,82,28,100,70,95,24
YOGAMEWIZARD,437,9067,USA,PSN,Chun Li,81,100,5,93,30,80,20,85,34,83,18,41,12,89,37,58,17,0,0,91,37,80,35,77,35,83,37,73,23,77,35,78,19,78,33,80,10
hunterxninja,1613,9618,KOR,PSN,Ryu,74,76,86,87,111,75,145,62,70,72,69,75,33,71,90,67,43,87,24,73,154,65,152,76,99,75,139,59,81,81,69,74,47,84,167,79,34
Razael,604,9256,GBR,PSN,Claw,72,100,20,61,21,65,44,76,17,64,17,60,41,60,46,65,20,68,19,79,39,65,49,63,38,71,57,80,51,94,17,85,21,80,71,84,13
Vi0lents0nic,220,9224,USA,PSN,Nash,88,77,9,75,4,80,5,80,5,100,2,50,4,100,9,100,5,0,0,75,8,93,15,100,3,100,13,100,2,100,4,83,6,89,19,100,2
SRPilot,637,9338,MEX,STEAM,Necalli,76,94,17,70,30,77,49,68,19,55,38,70,20,63,52,56,16,100,2,74,51,80,56,83,48,76,30,77,36,82,34,82,17,83,84,100,10
kojimax,440,9059,JPN,PSN,Nash,81,77,9,80,10,81,33,80,15,76,25,90,20,72,29,75,12,0,0,85,34,90,31,83,24,76,51,69,43,68,19,90,30,91,48,100,7
Madnificent,229,9058,GBR,PSN,Rashid,86,50,2,80,5,100,12,100,3,84,19,82,17,82,17,80,5,100,1,80,30,84,25,100,15,82,17,81,22,100,5,100,10,95,23,100,1
semy28,345,9027,DEU,STEAM,Ryu,82,69,13,87,16,75,20,81,16,88,18,61,13,82,35,66,9,0,0,86,44,79,24,100,9,89,28,73,19,68,19,100,7,87,41,92,13
mnymnx,770,9066,JPN,STEAM,Cammy,75,66,15,80,21,69,56,56,39,85,21,80,31,73,46,96,27,83,12,75,65,83,54,82,51,72,72,62,53,76,38,71,46,77,95,78,28
AngkorFighter,280,9042,KHM,PSN,Nash,78,0,0,100,8,75,8,62,8,0,0,93,30,42,7,50,2,100,4,85,34,86,23,82,17,78,14,66,36,54,11,73,38,79,29,100,5
GoldenMoonlight,285,9003,USA,PSN,Rashid,72,83,12,70,10,64,14,50,10,81,16,70,20,58,12,100,2,94,18,79,29,50,16,80,26,69,26,76,13,75,12,72,11,70,27,72,11
RNS_DCHUSTLE,872,9021,LBR,PSN,Necalli,72,78,50,71,39,65,43,72,37,63,19,47,19,82,62,66,21,71,7,68,67,69,65,70,58,83,59,69,33,66,59,60,10,82,95,60,20
KOR_WoLF,202,8988,KOR,PSN,Nash,85,100,3,62,8,92,13,100,10,80,5,100,4,100,6,75,4,83,12,90,20,94,18,81,11,81,11,70,10,76,26,57,7,93,30,75,4
Hado_Bramzou,425,9025,FRA,STEAM,Rashid,82,94,18,83,12,73,26,85,28,65,23,93,15,67,37,90,11,0,0,92,27,95,42,65,26,85,27,86,22,68,22,90,22,87,62,80,5
ryo74sf,868,8980,JPN,STEAM,Ken,73,79,24,81,33,75,53,63,69,78,52,69,26,76,52,81,22,91,12,72,85,72,74,72,33,65,69,82,56,81,49,58,36,73,99,76,17
GOLBOITOI,295,9038,USA,PSN,Dictator,81,92,13,75,4,84,13,77,9,72,22,85,7,75,20,100,2,100,7,71,42,70,17,83,18,94,35,88,9,87,24,83,12,88,27,57,14
ATSUSHIwww,621,9597,JPN,PSN,Chun Li,73,86,37,66,9,69,26,61,52,80,42,44,18,84,25,66,6,66,12,76,47,72,58,95,24,87,55,55,47,66,27,72,36,71,82,72,18
mikesaftig,752,8828,MEX,PSN,Nash,69,65,43,71,42,74,27,68,41,33,21,77,45,65,47,78,14,90,11,76,43,60,66,76,46,90,61,56,53,58,51,57,19,82,82,56,32
otter-,1785,9009,USA,PSN,Nash,72,71,80,73,78,66,96,60,79,68,98,62,64,72,146,65,58,77,40,70,167,77,136,74,115,82,107,68,72,70,116,66,83,79,194,78,56
Buuusthug,273,9022,FRA,PSN,Dhalsim,85,100,10,92,14,58,17,100,13,87,8,91,12,53,30,100,6,80,5,95,20,88,17,83,12,96,29,81,11,80,15,100,7,92,40,100,7
BEASTMODEBOOGZ,163,9125,USA,PSN,Dhalsim,86,92,14,100,5,83,6,76,13,50,10,62,8,100,6,0,0,100,6,100,5,80,10,77,9,100,6,100,10,93,16,100,4,88,25,90,10
Becks2Dnoob,100,9010,ESP,STEAM,Chun Li,86,100,4,100,4,100,1,50,4,0,0,0,0,57,7,100,2,75,12,81,11,100,11,100,6,100,8,100,5,83,6,0,0,83,18,100,1
crispyb0i,558,8427,USA,STEAM,Fang,76,72,25,69,23,50,12,69,33,63,22,68,35,59,47,95,20,100,3,76,47,91,47,82,34,80,42,71,42,82,28,82,17,85,60,100,14
SenorAgni,355,8822,BRA,PSN,Dhalsim,83,76,13,100,11,100,28,91,12,100,7,50,6,62,24,70,17,80,15,80,26,89,37,80,25,79,43,73,15,89,19,57,7,91,48,100,2
TESTE_BETA,129,8945,BRA,STEAM,Karin,87,100,2,100,2,83,12,100,7,0,2,83,6,100,6,66,3,0,0,80,10,77,9,100,12,100,9,83,6,100,4,100,2,85,27,85,7
Engravings,505,8942,USA,PSN,Claw,78,66,15,84,26,79,34,92,14,63,11,65,20,91,36,72,11,75,4,83,59,77,48,65,40,83,54,70,17,73,26,75,16,84,51,78,19
KingJaeUK,1379,8940,OTH,PSN,Birdie,67,76,67,64,57,61,70,42,45,69,56,66,42,64,160,61,34,86,23,67,87,53,109,58,102,61,113,62,70,70,60,74,47,84,158,77,77
Leetnessguy,617,9000,AUS,PSN,Dictator,83,82,17,94,19,80,21,100,6,70,10,71,14,88,25,100,13,100,2,79,24,83,24,63,11,83,62,100,11,80,20,80,15,86,65,75,12
iansanity,401,8554,USA,PSN,Chun Li,82,66,6,68,16,100,15,85,28,87,8,91,12,82,23,100,5,100,9,86,37,77,27,96,28,65,32,74,27,85,21,80,10,86,75,68,22
foxy424,543,8991,USA,PSN,Ryu,77,75,32,83,30,80,26,66,30,66,12,88,9,80,47,57,14,0,0,81,54,71,32,77,35,57,45,77,44,96,33,90,20,82,58,77,22
tenyyyyy,292,9093,KHM,PSN,Ken,81,71,14,87,16,100,11,91,12,88,9,87,8,90,21,100,3,61,13,86,22,68,35,75,8,70,34,87,8,90,11,100,8,81,53,100,6
Lagerborg,477,9067,SWE,STEAM,Chun Li,83,100,3,76,21,77,35,81,16,95,21,68,22,82,46,76,13,0,0,88,35,90,20,91,34,72,51,75,24,83,24,85,14,94,59,94,18
jozhear,469,8891,CAN,PSN,Claw,80,82,40,75,16,90,30,71,32,80,21,76,25,80,31,66,9,75,8,90,31,82,35,73,26,84,39,78,32,93,16,80,21,83,43,64,14
WhiteBl4ck,393,8924,FRA,PSN,Ken,80,85,14,85,14,76,25,100,17,90,10,40,10,77,35,66,15,100,4,72,40,70,20,80,20,91,35,88,17,88,18,58,12,80,72,93,15
7everance,129,8951,KGZ,STEAM,Ryu,96,100,6,75,4,100,1,100,9,0,0,66,3,100,5,100,3,100,2,100,6,92,26,100,10,100,6,100,5,100,5,100,5,100,29,100,4
Halliburton,412,8821,FRA,PSN,Dhalsim,87,100,5,86,23,68,16,86,23,71,14,50,12,89,28,66,3,100,2,90,33,100,26,88,25,81,32,87,16,94,18,85,14,91,78,94,18
DR_MasterTierra,209,8868,DOM,PSN,Birdie,83,66,9,100,7,64,17,69,13,100,7,100,2,100,9,66,3,0,0,88,25,67,31,100,17,80,15,100,9,66,6,75,4,96,27,100,8
RICEATA,219,8887,CAN,STEAM,Chun Li,81,85,21,86,22,75,4,100,4,87,8,33,6,80,21,100,1,33,3,90,21,85,14,66,12,80,10,100,4,81,16,71,7,82,39,83,6
ueMrPink,512,8931,USA,PSN,Ken,81,87,31,91,35,87,41,74,39,65,26,50,6,83,30,50,12,94,17,79,24,81,27,82,45,76,50,78,23,87,16,82,17,85,63,80,10
Billy_Cat,1304,9053,JPN,PSN,Ryu,75,80,21,60,50,73,65,73,80,79,49,73,65,68,77,72,29,0,0,76,96,80,120,81,72,66,107,78,79,75,54,79,69,75,154,84,39
WildTamsuiness,781,8934,OTH,STEAM,Laura,79,80,15,82,23,81,48,88,25,79,34,72,33,69,55,88,26,90,21,66,63,78,69,84,32,85,75,76,38,95,47,58,17,76,119,80,40
Tanshio,475,8908,JPN,PSN,Karin,71,72,18,61,18,62,29,84,13,50,24,100,14,55,27,71,14,0,0,85,40,78,37,73,49,63,33,64,42,84,19,66,30,73,42,80,26
-Hoji-,202,8889,KOR,STEAM,Ryu,76,73,19,83,6,75,16,75,8,93,15,100,3,50,14,66,6,100,6,62,8,57,14,100,10,88,27,58,12,83,6,62,8,82,17,71,7
NLBjns,592,8880,SWE,PSN,Nash,82,73,15,91,12,84,26,66,45,78,32,85,35,79,44,70,10,79,24,87,47,86,37,73,19,79,34,77,40,92,26,94,19,87,89,89,28
aiaitomo,525,8859,JPN,PSN,Chun Li,81,83,18,77,27,77,22,84,32,88,18,76,13,84,25,81,22,71,7,92,39,85,41,88,27,83,60,66,48,75,33,88,25,80,55,92,13
mos505,368,8848,JPN,PSN,Dictator,79,90,10,64,14,72,11,70,17,100,7,37,8,84,19,100,5,91,23,86,23,78,55,76,21,91,37,64,25,65,23,83,12,84,53,100,5
LadyPrestor,338,8558,JPN,PSN,Dictator,79,87,8,85,14,88,18,76,21,87,8,70,10,84,26,85,7,100,7,80,35,76,26,75,16,67,34,72,18,82,23,55,18,94,35,78,14
AresFR,339,8912,FRA,PSN,Nash,90,0,1,87,8,100,18,76,13,81,11,90,10,90,31,100,9,85,7,100,26,91,35,80,15,87,32,87,16,90,11,93,15,90,73,100,7
Suleymon,271,8820,GBR,PSN,Necalli,73,62,16,82,17,72,11,88,17,73,30,75,4,62,24,87,8,100,2,83,12,70,24,57,14,87,16,47,21,81,11,66,3,85,34,57,7
DDoombr,172,8821,BRA,STEAM,Nash,86,100,6,100,3,93,16,100,4,100,2,60,5,80,20,83,6,0,0,85,7,87,8,72,25,100,23,60,5,100,8,100,1,88,25,100,3
Stavanger1,481,8879,IRL,STEAM,Dictator,77,77,22,82,35,87,33,85,34,53,30,54,22,84,50,55,9,33,3,80,46,70,31,71,14,81,22,79,29,73,19,76,13,90,55,71,14
Dee_Ancer,398,8799,OTH,PSN,Fang,74,86,23,75,8,33,15,76,21,55,18,86,15,71,21,100,3,100,4,71,39,68,22,78,37,84,26,82,28,67,40,63,19,83,59,0,0
pugepino,313,8769,JPN,PSN,Cammy,88,100,6,94,19,94,17,92,13,84,13,88,9,83,18,57,7,0,0,94,19,90,21,78,28,82,29,94,17,96,25,81,22,100,37,76,13
the_haZe,136,8780,SWE,STEAM,Claw,83,100,6,100,5,100,2,100,1,66,3,87,8,50,6,0,0,63,11,65,20,92,13,100,3,100,13,71,7,0,0,100,5,90,22,90,11
deepneko,887,8705,LBR,PSN,Chun Li,69,82,46,72,37,72,66,61,44,64,37,38,18,77,76,47,17,80,5,75,77,57,73,53,62,85,55,64,45,62,43,65,41,80,110,79,34
J-BOOWY,684,8834,JPN,PSN,Laura,77,78,33,65,23,62,32,64,37,95,22,63,19,86,37,86,15,100,1,88,50,87,56,75,53,83,65,60,51,80,42,66,30,76,101,94,17
ils_syatiku,112,8799,JPN,STEAM,Nash,75,100,4,100,4,100,7,100,1,50,12,33,3,53,13,0,0,0,0,100,8,100,3,61,13,72,11,100,4,100,6,60,5,78,14,100,4
PoisonTrap,109,8804,OTH,PSN,Dictator,94,0,0,100,7,0,0,100,1,100,6,0,1,100,7,0,0,100,5,66,6,100,3,100,4,100,6,100,2,80,5,100,2,100,12,100,2
ChrisWinz,723,8783,USA,STEAM,Ken,77,79,44,82,46,78,42,90,31,74,31,63,30,59,22,52,17,92,28,85,55,89,37,76,39,74,43,74,39,67,28,77,36,76,130,88,25
Floejisan,487,8750,OTH,STEAM,Karin,89,80,10,100,11,100,4,100,11,90,10,100,4,100,5,50,4,0,0,78,14,83,6,85,7,87,16,80,10,100,2,100,5,93,15,100,3
Dr_Otto_0819,296,8869,DOM,PSN,Cammy,80,100,3,57,19,100,5,80,10,100,9,60,5,87,8,0,0,0,0,78,14,75,4,84,13,100,5,69,13,71,7,100,8,84,25,100,4
ImARageQuitter,256,8747,LKA,PSN,Nash,82,100,6,70,10,78,14,81,11,86,15,81,11,74,27,85,7,0,4,94,17,100,12,88,18,93,15,80,10,100,10,86,15,75,45,88,9
tony_chacha,910,8749,TWN,PSN,Nash,74,73,34,74,31,91,34,73,34,73,26,70,27,63,49,76,25,81,22,68,85,70,68,73,56,78,42,74,47,70,54,78,28,81,87,95,21
GodKIngLockdown,337,8744,USA,PSN,Dictator,73,62,16,66,9,88,17,66,12,46,13,61,13,79,24,66,6,100,12,62,35,54,22,58,39,85,28,69,13,92,13,71,14,90,41,100,10
Estivador,1297,8703,BRA,PSN,Ken,77,77,54,69,63,86,44,82,50,71,57,47,89,80,78,66,50,96,25,82,118,76,86,93,72,74,119,72,76,72,51,88,27,89,172,82,57
GranArenaTV,100,8769,DOM,PSN,Nash,88,71,7,0,0,100,3,77,9,100,5,80,5,71,7,100,6,100,4,62,8,100,8,100,2,100,5,90,10,100,4,100,2,100,7,100,1
zet-familia,703,8757,JPN,STEAM,Ryu,83,78,14,79,24,75,58,78,33,83,30,76,17,93,31,85,14,88,9,86,52,77,63,75,33,90,61,86,45,90,30,94,36,84,91,75,12
fr4nk793,969,8838,ITA,STEAM,Dictator,77,81,55,73,23,79,53,76,50,67,37,74,31,75,97,91,12,74,47,75,78,78,73,72,47,85,82,90,53,64,39,81,22,81,125,73,45
Sanosuke,822,9054,ARG,STEAM,Ryu,80,90,22,78,23,78,75,80,25,69,33,74,39,61,68,80,20,100,2,72,90,90,44,84,32,75,84,84,26,90,76,79,34,91,116,92,13
SAULABIS,1217,8696,KOR,PSN,Rashid,78,86,22,72,47,78,80,69,66,81,32,88,44,84,70,73,38,0,0,80,102,77,98,88,77,75,120,83,80,78,64,68,63,75,140,72,18
Daimasu,100,8863,JPN,PSN,Necalli,73,100,4,66,3,62,8,60,5,100,2,0,1,100,1,100,1,0,0,66,3,66,15,66,9,88,9,84,13,44,9,100,1,76,13,100,3
hotoke_san,1469,8725,JPN,PSN,Dhalsim,75,81,44,80,56,84,123,79,89,78,90,70,24,79,82,85,34,100,13,73,103,77,136,68,82,72,140,74,95,67,86,60,81,75,159,78,32
Sangoku,436,8642,KHM,PSN,Necalli,80,90,11,89,19,75,20,90,31,83,18,55,9,70,30,50,6,100,1,78,23,78,19,94,17,78,51,61,18,84,25,75,12,82,57,100,11
_ULTRA_,328,8736,BRA,STEAM,Ryu,82,0,0,91,12,85,28,92,13,78,14,58,34,79,29,77,9,100,1,88,27,95,20,96,26,89,29,72,22,88,9,62,8,85,41,83,6
3rd_STRIKER,104,8738,JPN,STEAM,Ken,80,100,7,100,2,75,8,80,10,75,4,100,3,100,2,0,0,0,0,80,5,100,5,66,6,54,11,75,4,100,2,57,7,100,14,66,6
ShinobiRain,509,8607,JPN,PSN,Ryu,81,96,26,87,31,84,33,78,23,60,20,70,24,79,29,57,7,100,1,74,31,86,43,90,32,70,48,88,26,75,33,85,27,91,62,75,12
unsuns,923,8666,JPN,PSN,Nash,74,55,40,80,15,88,59,70,51,68,48,55,29,54,35,57,33,76,17,88,62,82,86,71,73,69,73,80,75,70,50,75,58,81,97,72,22
digosPTF,299,8629,PRT,PSN,Dictator,82,88,9,83,12,72,22,73,19,85,14,100,6,61,26,66,3,57,7,95,23,88,18,70,10,95,20,76,25,90,11,73,15,100,44,80,15
JMan3L,100,8655,USA,PSN,Claw,77,83,6,100,1,100,5,80,10,60,5,100,3,80,10,0,0,100,4,68,16,100,2,85,7,100,2,57,7,66,9,100,2,63,11,0,0
O-Fenomeno,738,8480,MEX,PSN,Nash,73,71,21,73,56,62,40,76,25,60,35,77,22,67,73,50,22,100,1,82,67,82,50,76,50,66,48,66,36,70,51,74,35,86,74,83,31
AaronS,192,8774,USA,PSN,Claw,76,75,8,84,13,80,10,62,16,100,9,100,2,76,17,85,7,72,18,85,7,70,17,58,17,91,12,83,12,0,0,33,3,78,23,100,1
ORANDE,1040,8697,JPN,PSN,Ken,66,76,47,58,36,57,52,54,77,73,46,59,22,76,30,45,24,88,9,69,97,76,96,69,63,59,105,69,65,64,70,60,55,72,122,66,24
Citizen,1404,8797,GBR,STEAM,Fang,72,74,51,66,83,55,58,85,57,68,83,71,74,66,145,87,16,70,27,80,92,71,95,65,60,76,109,63,115,87,66,90,30,77,161,70,24
TheSpiralGuy,792,8640,USA,PSN,Ken,70,75,24,81,38,61,34,69,42,77,27,77,40,64,37,66,27,0,0,61,65,71,59,57,33,68,50,75,52,65,44,68,32,86,80,50,20
FireCoTTon,273,8669,DEU,STEAM,Laura,79,100,8,75,12,80,20,78,14,90,10,40,5,75,24,83,6,100,1,85,21,61,26,84,13,80,15,78,28,100,9,100,10,80,25,71,7
TTrema,517,8664,BRA,STEAM,Nash,84,94,19,83,31,77,31,92,27,60,15,57,28,92,41,100,5,0,0,69,43,97,34,90,31,91,67,78,19,83,18,63,11,88,76,90,21
GG_Nostalgic,224,8663,USA,PSN,Karin,90,92,14,80,15,85,7,66,9,100,9,83,6,100,18,100,9,100,6,90,10,91,24,73,15,100,17,78,14,90,11,100,2,93,31,100,7
MuscleCop,659,8540,USA,STEAM,Cammy,77,93,31,61,21,56,25,67,43,74,47,59,32,73,26,70,10,100,2,80,57,79,69,80,35,76,63,77,35,75,37,89,29,87,89,87,8
yu5ririn,420,8658,JPN,PSN,Alex,77,66,3,76,26,72,11,50,6,100,6,100,5,71,7,100,1,100,11,85,21,61,18,81,11,68,25,84,13,100,4,73,15,76,25,100,3
