Player,Games,LP,Region,Platform,Character,Overall,AlexWin,AlexGames,BirdieWin,BirdieGames,CammyWin,CammyGames,ChunWin,ChunGames,ClawWin,ClawGames,DhalsimWin,DhalsimGames,DictatorWin, DictatorGames,FangWin,FangGames,KarinWin,KarinGames,KenWin,KenGames,LauraWin,LauraGames,NashWin,NashGames,NecalliWin,NecalliGames,RMikaWin,RMikaGames,RashidWin,RashidGames,RyuWin,RyuGames,ZangiefWin,ZangiefGames
TS-Sabin,881,13746,USA,PSN,Dhalsim,93,75,12,93,66,93,49,86,44,94,38,98,53,91,85,87,31,95,88,94,58,96,32,93,77,94,84,92,50,96,30,96,66,88,18
Fchampryan,480,12316,USA,STEAM,Dhalsim,92,90,21,94,18,93,30,96,28,75,28,100,34,95,24,100,9,94,34,91,36,90,21,92,40,97,35,90,21,90,21,88,61,94,17
FlashMetroid,648,12082,USA,PSN,Claw,87,90,32,75,24,100,37,90,21,81,49,93,29,87,48,94,19,85,70,95,46,95,42,83,60,76,25,76,34,90,33,89,65,92,13
BabyBel,614,12965,DEU,STEAM,Ken,92,93,16,90,22,84,33,97,38,96,28,76,26,97,46,88,17,89,66,96,30,100,42,93,48,91,37,86,15,90,40,94,58,87,16
TheGoldRoom,837,11993,GBR,STEAM,Dhalsim,84,88,9,74,54,77,57,90,41,96,53,93,16,72,91,78,14,83,65,85,49,81,33,91,67,91,57,78,33,74,35,93,92,75,16
BaLBaLoL,587,12129,GBR,STEAM,Nash,90,0,0,78,19,100,17,100,16,80,20,100,5,88,34,100,6,93,32,90,31,91,23,89,46,86,23,84,13,100,11,94,54,85,7
Backdash_Luffy,510,13028,FRA,PSN,Nash,97,100,28,100,17,100,10,100,17,95,23,90,11,86,52,100,11,100,62,97,36,94,38,98,74,100,13,100,23,100,9,100,77,100,9
Phenom,660,11983,NOR,PSN,Dictator,90,100,10,89,19,100,16,70,17,79,24,100,12,78,47,100,16,94,39,93,33,93,16,93,45,97,36,96,27,86,15,92,67,82,28
yuhi-hikali,752,11982,JPN,PSN,Necalli,93,100,6,94,34,98,50,97,48,93,29,86,22,83,54,92,13,97,70,97,70,89,59,93,60,90,53,87,32,89,57,96,86,87,8
Somniac,852,11511,AUS,STEAM,Dictator,92,94,51,96,31,100,24,100,27,100,32,89,29,78,38,92,13,88,52,88,70,93,33,97,88,95,47,93,73,88,17,90,131,95,22
Beni_Best,789,11367,ISR,STEAM,Cammy,87,93,15,66,54,91,34,91,37,90,20,68,25,82,76,100,20,92,65,94,71,87,49,90,75,94,36,80,35,86,15,92,128,83,31
ConchitaWurst,626,11409,OTH,STEAM,Nash,87,85,20,76,17,80,21,75,8,75,24,72,22,75,16,86,15,100,22,90,22,94,35,92,40,81,22,84,26,90,11,94,67,100,8
hirot_p38,488,11486,JPN,PSN,Chun Li,90,100,16,100,7,79,29,91,46,80,21,87,24,92,26,91,12,96,52,86,29,95,23,81,48,89,19,97,42,93,33,93,44,94,17
GinoDacampo,829,11042,GBR,STEAM,Laura,82,100,13,83,53,73,76,90,43,80,45,74,39,83,68,89,29,78,84,89,38,84,33,90,54,79,48,85,40,81,32,75,104,86,30
damdai,581,11390,USA,PSN,Ryu,88,100,6,92,26,87,39,94,36,83,37,95,24,77,49,70,10,93,61,97,39,100,49,80,55,89,37,77,27,86,22,92,41,91,23
TampaBison,910,10730,USA,PSN,Dictator,86,84,26,78,33,90,53,78,46,77,49,76,39,94,68,79,24,88,96,89,75,80,57,90,61,87,48,82,56,86,38,91,116,95,24
Cobelcog,589,10078,IRL,PSN,Cammy,85,90,10,75,40,92,27,73,19,85,27,95,22,84,76,100,11,90,52,84,44,83,42,82,47,89,46,71,28,82,17,94,67,85,14
F3alucarD,569,12398,USA,PSN,Birdie,85,96,26,89,29,73,15,71,28,85,28,85,7,86,15,71,7,88,45,86,22,68,16,82,23,81,16,93,15,100,6,90,31,100,11
bisonfan20,381,10811,GBR,PSN,Dictator,85,100,1,75,8,60,20,86,15,87,32,69,33,87,41,83,12,95,20,90,20,78,32,96,33,91,24,91,12,86,23,95,41,85,14
spaghettiman,344,10541,JPN,PSN,Laura,82,100,5,81,11,79,24,76,21,80,10,50,14,91,24,83,6,71,28,92,38,100,15,82,34,90,20,84,19,68,16,84,39,71,7
ning726,974,10100,USA,PSN,Dictator,80,95,24,79,58,81,61,71,52,75,53,66,42,88,76,71,14,83,95,89,68,62,54,90,72,87,70,69,71,82,41,85,99,70,24
Aozaki_Kyo,966,11254,OTH,PSN,Karin,81,85,60,84,39,76,56,75,54,71,60,87,32,79,63,70,27,84,88,83,54,86,69,86,79,73,69,80,55,81,32,90,84,82,45
3nodx2,646,10440,JPN,PSN,Chun Li,83,0,0,94,19,76,34,76,17,100,7,58,12,88,27,70,17,92,40,88,26,100,20,73,26,85,14,93,15,77,18,78,47,100,8
-Keoma-,715,10420,BRA,STEAM,Karin,86,88,18,68,19,92,38,82,39,76,65,88,25,83,60,78,14,88,87,82,46,91,56,87,56,83,37,88,35,84,13,90,84,95,23
WORLD_COMBO,1104,11580,JPN,PSN,Fang,81,100,11,80,56,62,78,82,74,88,36,69,42,79,81,85,34,91,99,91,61,83,72,74,103,86,72,89,67,64,64,85,128,96,26
Majorboy19,846,10860,JPN,STEAM,Chun Li,85,93,16,90,31,88,45,80,67,88,36,63,22,83,36,94,18,87,77,86,73,88,45,80,87,88,54,82,39,89,49,84,126,84,25
zaqzaqzaq,354,11701,JPN,PSN,Chun Li,92,100,8,92,13,82,23,96,25,100,15,100,13,100,10,100,5,100,16,86,38,100,22,97,35,83,18,92,25,95,24,82,58,100,6
Rhyllis,427,10286,CAN,PSN,Fang,84,100,1,87,32,83,30,93,29,71,21,87,24,79,48,80,10,86,36,77,31,100,21,82,29,86,30,76,25,86,15,94,34,72,11
Verloren,654,10283,KOR,STEAM,Cammy,85,100,7,90,20,90,66,85,42,81,11,88,17,82,41,90,11,87,48,87,56,93,43,79,72,84,44,79,29,84,32,83,80,93,16
Ca55hern,743,10061,GRC,STEAM,Nash,86,92,27,76,25,88,34,96,28,95,24,70,24,79,62,84,19,81,72,94,54,83,36,85,92,83,42,84,33,86,29,91,117,87,24
VFM_WOLFMAN,711,10376,MAR,PSN,Rashid,87,100,8,92,27,86,29,83,37,82,39,72,36,87,80,66,6,91,57,97,44,80,42,85,60,81,43,91,34,90,22,90,134,92,13
osayu-,485,10050,JPN,PSN,Cammy,84,100,15,80,20,72,29,90,33,100,16,83,12,82,39,88,9,66,30,90,40,88,27,90,30,81,22,81,32,90,20,85,42,88,9
RealMenaceTV,754,10330,GBR,PSN,Chun Li,82,100,4,75,48,76,50,82,39,90,43,50,28,82,68,87,16,91,62,85,48,84,32,80,72,77,54,82,23,76,17,87,123,84,25
ClimaxX,416,10379,MAR,PSN,Dictator,83,91,12,80,21,64,17,66,12,77,9,42,7,76,46,86,15,91,49,90,20,57,21,90,66,96,26,73,19,82,17,86,45,100,14
GentlemanThief,935,10043,OTH,PSN,R. Mika,83,80,21,83,67,84,39,84,69,79,43,80,41,85,64,88,26,80,77,86,65,94,52,86,101,75,56,90,60,83,43,80,94,76,17
Billy_Cat,879,10127,JPN,PSN,Ryu,76,92,13,69,39,71,45,75,56,84,32,71,49,75,58,73,26,74,74,80,72,81,60,65,82,79,53,76,39,83,49,75,105,90,21
Despair_Syndrome,260,10086,JPN,STEAM,Dictator,93,0,0,100,14,85,7,89,28,100,7,100,9,94,59,100,2,100,13,76,17,87,8,100,17,90,10,87,8,100,2,100,11,75,4
kyo_anton,577,10280,JPN,STEAM,Nash,89,80,5,84,13,93,43,92,28,78,28,83,18,84,50,91,23,97,43,90,42,87,33,93,58,88,35,88,36,94,36,91,70,81,16
KillaKeeeeen,449,10399,USA,STEAM,Ken,89,100,26,83,30,88,17,95,21,85,21,68,29,96,25,100,4,86,37,96,31,100,26,81,48,87,16,92,26,100,22,88,60,100,10
On_KGBIFidoskin,925,9983,RUS,STEAM,Fang,81,96,26,67,52,96,30,67,34,77,45,52,19,81,97,80,20,82,78,83,60,86,36,85,91,76,55,78,51,80,45,91,134,76,38
AlphaBee,380,10026,USA,STEAM,Dictator,94,100,3,100,20,100,22,100,31,100,12,63,22,96,32,88,9,98,56,88,17,91,23,94,34,90,21,100,16,100,14,94,36,100,12
Aerorockman,694,10175,FRA,STEAM,Dictator,75,100,10,66,39,78,42,71,28,68,16,72,22,76,64,81,11,71,77,84,50,64,28,76,68,68,50,70,24,58,24,84,113,71,28
gachikun,615,10025,JPN,PSN,Rashid,78,100,2,83,18,81,37,78,38,64,25,84,19,78,38,65,23,82,57,84,52,76,30,68,79,80,41,76,30,85,40,87,66,65,20
SF5-NL,898,9674,KOR,PSN,Ryu,78,83,12,94,34,78,47,71,52,78,41,80,45,75,56,62,32,92,69,73,91,78,42,70,94,90,61,87,49,81,58,74,100,92,14
skillsmith,412,10015,USA,PSN,Necalli,77,100,8,58,24,94,18,75,33,75,20,51,31,59,27,83,12,82,39,85,20,100,24,72,25,70,17,77,36,85,14,90,44,85,20
Erunaka,826,10120,JPN,PSN,Nash,85,94,17,93,29,80,103,72,68,87,31,60,20,83,30,61,18,91,71,92,69,87,57,90,66,90,50,89,38,79,53,87,90,85,14
memememe,609,10033,JPN,PSN,Ryu,82,0,0,80,26,76,52,76,43,76,21,92,13,91,36,72,18,85,49,79,53,82,41,68,69,86,46,90,20,88,34,90,82,100,6
3Dolla,422,9975,OTH,PSN,Karin,90,100,11,92,14,100,13,83,24,92,13,90,10,85,34,94,17,86,50,90,21,100,27,95,24,100,20,83,37,72,11,95,44,83,6
torachin0630,563,10243,JPN,PSN,Nash,84,100,11,76,21,83,30,85,47,57,19,68,16,76,47,85,14,86,43,91,62,90,20,87,55,78,38,75,32,80,35,93,63,100,10
Nutrient,637,10365,CIV,PSN,Birdie,85,80,10,88,36,86,29,80,40,93,31,61,21,82,73,66,9,87,58,89,58,90,21,84,59,87,40,82,39,76,21,90,76,93,15
NPB_ken,439,10758,JPN,STEAM,Chun Li,87,100,16,87,16,90,20,72,25,88,25,100,6,92,26,61,13,92,39,86,60,85,21,92,40,86,22,87,24,80,21,92,53,72,11
REBELO,649,10083,CAN,PSN,Nash,83,100,7,73,34,82,34,78,61,81,37,76,17,83,43,92,13,80,57,89,47,82,50,81,54,78,52,73,30,96,27,93,64,100,22
Jijidalal7,341,10113,GBR,PSN,Necalli,90,100,8,80,15,90,10,62,8,81,11,75,8,86,30,87,8,96,32,96,25,88,27,100,28,89,19,94,18,100,14,89,65,93,15
OmGiTzChun,693,10257,USA,STEAM,R. Mika,81,82,58,78,32,82,35,79,34,87,47,76,47,100,32,78,23,75,72,88,35,89,38,87,32,77,54,85,40,87,24,76,72,66,15
broski,474,10096,GBR,STEAM,Dhalsim,80,100,2,75,24,77,27,88,9,90,21,87,8,67,62,90,10,87,47,72,22,76,42,84,26,86,22,65,26,70,17,90,54,100,16
ChrisWong_HK,625,10008,OTH,PSN,Nash,86,84,13,95,24,81,32,84,38,74,31,86,23,81,48,88,17,93,58,92,55,68,29,93,76,77,53,82,17,76,39,93,62,100,10
SoSickNASHFAN,631,10410,USA,PSN,Karin,82,0,0,80,20,75,24,77,18,85,14,68,16,70,31,60,10,83,37,93,29,91,24,82,41,83,24,84,32,95,22,84,52,100,11
nekonekodog,485,10278,JPN,PSN,Claw,80,90,10,84,19,85,27,80,30,79,29,81,11,72,29,100,3,84,50,88,62,75,12,75,57,78,33,80,21,82,17,77,53,75,8
GamerBee,574,8938,OTH,PSN,Necalli,86,100,7,81,11,70,24,90,21,94,17,100,11,75,16,100,7,95,20,82,34,81,16,75,45,100,17,90,21,92,14,86,23,92,13
PR-Balrog,623,10206,USA,STEAM,Necalli,89,84,13,100,13,89,28,90,22,92,13,85,20,84,26,96,27,92,27,85,40,92,14,96,32,95,20,93,15,76,13,84,26,90,10
VenomOfTuesday,444,10363,OTH,STEAM,Dictator,83,90,21,50,12,88,18,53,13,92,27,93,16,78,65,100,5,89,37,86,23,83,12,76,47,83,18,80,26,82,17,89,77,77,9
MarnHQ,747,9710,OTH,STEAM,R. Mika,78,86,23,70,30,92,25,77,58,75,36,72,29,85,35,83,24,81,49,78,84,79,48,78,69,73,49,80,40,81,27,78,71,72,18
NotMyRealName,523,9904,FRA,PSN,Zangief,87,100,9,84,13,100,13,100,18,90,10,30,10,92,28,87,8,92,25,92,26,84,13,84,25,81,16,100,17,80,10,85,48,72,11
kawawa7,260,9994,JPN,PSN,Cammy,83,100,5,100,9,81,11,73,26,100,12,71,7,88,26,80,10,100,13,76,13,88,18,84,33,63,19,77,9,88,9,90,32,62,8
GarioZzz,1055,10030,JPN,PSN,Nash,76,100,11,72,37,75,86,81,69,93,32,78,32,64,74,73,23,87,73,83,90,67,77,63,80,73,68,77,48,77,76,77,154,80,25
nuki777,653,9992,JPN,PSN,Chun Li,81,100,7,100,21,83,48,64,54,81,32,83,18,92,39,64,14,90,71,76,39,78,42,81,83,87,33,86,38,77,35,82,63,60,15
LegendarySaiyan-,740,10040,USA,PSN,Laura,76,84,19,82,41,70,37,58,36,79,43,70,34,75,49,88,27,72,86,71,63,84,45,84,76,78,37,81,32,80,21,73,75,57,19
RZR_INFILTRATlON,109,9693,PRK,PSN,Karin,91,0,0,85,7,100,7,100,8,100,7,100,4,100,7,66,3,100,6,100,13,100,4,90,11,87,8,83,6,0,1,80,15,100,2
waist100cm,357,9652,OTH,PSN,Laura,81,72,11,80,10,84,13,90,20,69,43,92,14,86,15,100,4,88,26,89,38,82,17,79,29,76,21,87,16,65,26,82,35,76,13
Sofitia,963,9763,CAN,STEAM,Chun Li,86,94,18,83,48,82,39,89,47,85,41,86,46,87,87,68,19,83,95,83,49,88,71,86,120,84,58,75,60,96,31,91,98,96,32
DR_SMUGGLES_PhD,597,9432,USA,PSN,Karin,82,100,19,83,31,84,25,73,38,82,39,88,18,75,36,93,15,77,68,84,39,81,44,77,49,91,36,77,40,70,17,88,62,80,15
Pontio,900,9817,JPN,STEAM,Claw,84,94,19,88,26,80,66,76,50,76,25,84,39,80,50,77,35,92,63,93,66,82,70,87,81,86,67,95,45,80,46,74,114,94,38
HelloKittyRicki,521,9517,USA,PSN,Chun Li,91,100,7,91,37,93,16,90,32,90,20,94,18,91,37,100,18,91,37,90,42,92,27,94,36,78,33,96,26,100,5,91,46,92,13
gsgllty,845,9946,USA,PSN,Dhalsim,75,78,23,65,38,79,49,80,50,83,31,33,24,85,62,80,26,76,82,72,62,76,59,80,72,59,54,66,56,76,38,82,93,78,23
-Vagabond-,372,9615,USA,PSN,Necalli,86,83,6,85,20,89,19,94,19,80,20,60,5,81,32,100,12,91,35,80,42,90,20,83,24,85,20,81,22,87,16,89,38,90,10
Verdoyance,458,9051,FRA,PSN,Birdie,80,25,8,61,21,83,30,85,20,80,10,76,13,84,39,76,13,82,35,76,46,85,21,66,33,82,17,84,26,78,14,93,66,72,11
ArliethTralare,532,10008,USA,STEAM,Claw,78,75,16,82,17,80,41,84,25,72,18,72,18,81,32,81,16,91,45,81,37,65,44,73,60,60,35,89,28,85,20,84,59,80,21
Palmeirense_crt,605,10088,BRA,STEAM,Laura,83,90,11,70,20,87,24,86,15,81,16,70,24,87,56,62,8,82,51,92,51,71,42,86,82,74,58,85,28,76,17,88,78,91,24
Brolylegs,1050,9555,USA,PSN,Chun Li,73,71,39,64,73,90,53,82,58,77,61,65,46,72,83,84,19,75,95,75,68,75,61,65,89,74,55,59,64,75,44,75,119,86,23
Brian_F,501,9174,USA,PSN,Necalli,70,100,8,68,19,74,75,62,37,77,22,33,12,73,26,60,5,73,42,72,36,75,29,78,64,53,30,46,28,87,8,73,45,91,12
Gagapa,780,9790,FRA,PSN,Dictator,84,100,3,81,33,80,42,87,31,79,44,66,36,79,54,66,9,87,80,89,38,88,63,82,68,82,67,92,41,88,34,88,117,90,20
hahaahahahahhaah,306,9527,USA,PSN,Necalli,80,75,16,76,17,100,5,50,16,86,29,50,14,83,12,100,4,78,32,93,15,87,16,90,21,75,12,78,46,100,8,85,35,100,8
iidxutj,260,9215,USA,STEAM,Dhalsim,82,0,0,83,12,81,16,76,21,86,15,61,13,91,23,83,6,86,22,88,17,84,13,68,16,75,20,76,21,90,10,93,30,100,5
MagMan,338,9648,USA,STEAM,Karin,80,93,16,50,14,81,16,60,23,75,12,76,21,78,14,83,6,83,36,89,29,78,14,85,34,71,28,87,16,80,15,90,32,85,7
El_Tigre_Acosta,407,9176,ARG,STEAM,Birdie,87,90,11,100,5,100,6,50,2,100,5,100,12,92,27,90,11,85,28,84,13,86,15,76,17,70,17,100,6,100,4,87,49,85,7
Fasoll,478,9310,ESP,PSN,Ryu,85,88,9,90,11,90,20,76,25,92,26,54,11,91,35,84,13,100,23,77,53,80,50,93,45,91,23,82,17,69,13,86,65,100,17
imstilldadaddy,616,9518,GBR,PSN,Laura,76,80,10,80,41,54,24,88,27,83,24,74,39,61,86,58,12,74,51,79,43,93,47,78,46,72,29,83,31,90,10,82,57,68,19
Akainu,345,9135,FRA,PSN,Nash,84,50,2,83,12,90,32,88,18,81,16,81,11,68,38,75,8,70,31,93,31,100,6,82,34,100,22,82,17,86,15,88,43,100,9
FH-Brickterium,420,9233,IRL,PSN,Necalli,87,100,1,77,22,77,22,76,13,95,23,100,23,86,43,80,10,90,20,80,26,94,18,82,28,90,30,95,22,90,10,90,61,70,10
GODSGARDEN-PS4,270,9508,JPN,PSN,Cammy,90,0,0,66,9,100,6,69,13,100,4,100,4,100,7,100,4,95,22,81,16,91,12,100,12,83,6,100,12,100,10,95,24,81,11
Cuongster,369,10396,FRA,PSN,Cammy,83,87,16,100,8,94,19,100,11,77,9,57,26,88,27,100,18,84,38,77,36,68,29,92,13,82,23,86,23,75,8,84,52,81,11
Monopr2,374,10377,USA,PSN,Fang,85,81,33,100,19,90,20,83,18,93,15,65,20,88,42,85,7,86,30,78,33,75,12,100,23,90,10,76,34,100,16,90,32,80,10
Sildenafl,358,9022,AUS,STEAM,Ryu,91,100,2,78,14,100,18,100,24,100,4,88,18,86,23,76,13,89,29,85,28,95,24,90,33,95,20,78,28,92,14,100,58,87,8
TriggerSFV,484,9850,USA,STEAM,Ryu,96,100,7,90,22,100,31,100,22,95,22,90,22,95,45,100,15,97,45,97,38,96,32,97,44,92,25,100,20,100,21,96,56,100,17
Humanbomb,507,9606,OTH,PSN,Chun Li,86,91,12,88,25,83,36,85,21,93,15,64,28,90,40,54,11,87,31,88,26,88,36,81,48,90,33,90,32,92,25,96,65,68,16
tatsunical,433,9118,USA,STEAM,Necalli,82,90,10,80,15,82,29,61,31,72,22,87,16,80,31,77,9,86,45,85,34,93,31,80,25,84,19,84,32,95,23,77,44,88,17
Something-Unique,644,10257,USA,PSN,Ken,68,76,38,76,30,65,40,61,26,63,46,71,38,65,29,50,20,61,47,75,48,68,35,60,51,57,45,79,49,72,11,68,67,83,24
mattbison,567,9017,CAN,STEAM,Dictator,90,100,1,95,24,93,33,82,35,82,29,72,18,93,47,91,12,90,44,90,33,93,31,78,52,91,60,90,33,84,26,100,65,95,24
SaibaJoichiro,483,9629,USA,PSN,Cammy,85,100,4,75,28,87,33,74,27,81,27,95,21,91,45,90,10,93,46,91,24,90,32,88,44,86,22,64,34,86,23,88,51,83,12
AresFR,291,8937,FRA,PSN,Nash,92,0,1,87,8,100,18,90,11,87,8,100,7,88,27,100,7,100,22,90,32,80,15,85,28,87,16,88,9,100,13,95,62,100,7
PxG_Ice,298,8871,USA,PSN,Dictator,89,100,2,86,22,81,16,83,12,100,17,92,13,97,35,83,6,94,17,96,25,86,23,87,32,83,18,78,14,92,13,88,25,100,8
MessiIshibashi,342,9023,JPN,STEAM,Cammy,92,0,0,100,7,76,13,88,17,100,10,91,12,100,21,100,11,89,29,90,22,93,15,92,26,90,10,100,12,93,16,91,24,100,5
Arydoon,501,9756,DZA,PSN,Nash,85,88,9,85,27,95,23,95,24,94,19,61,13,73,46,69,13,87,48,86,37,91,24,83,48,80,31,68,19,90,20,88,87,100,10
JF_Atropos,190,9088,GRC,PSN,Ken,75,100,4,75,8,57,7,100,3,58,12,100,3,57,26,100,2,100,11,75,20,88,9,72,22,100,10,80,5,40,5,82,41,0,2
bebop207,1462,9957,JPN,PSN,Rashid,75,85,28,76,72,72,81,73,90,71,69,67,61,71,81,76,46,78,130,80,135,76,86,73,118,78,112,73,68,80,94,76,142,63,49
Lagerborg,477,9067,SWE,STEAM,Chun Li,83,100,3,76,21,77,35,81,16,95,21,68,22,82,46,76,13,88,35,90,20,91,34,72,51,75,24,83,24,85,14,94,59,94,18
torimesingo,406,9479,JPN,PSN,Dhalsim,90,100,4,94,19,92,26,87,24,89,19,92,13,87,32,90,11,90,31,89,47,95,23,97,34,100,27,75,24,70,17,91,49,100,6
bipson,375,9197,DEU,STEAM,Dictator,93,100,2,83,12,95,23,90,22,84,13,62,8,88,25,83,6,97,34,97,42,100,12,97,47,100,18,100,13,100,14,93,73,90,11
itazan,592,9587,JPN,STEAM,Zangief,78,94,17,87,16,80,21,68,29,69,36,50,10,90,22,81,11,84,46,68,29,88,35,75,53,67,28,85,28,69,13,83,49,80,15
TTrema,378,8720,BRA,STEAM,Nash,83,87,8,83,24,73,19,90,21,53,13,52,23,89,29,100,4,67,34,96,30,90,31,92,50,70,10,100,8,57,7,90,54,100,13
jemin-pc,294,10657,ALB,STEAM,Ken,87,94,19,93,16,75,4,66,6,76,21,54,11,89,28,100,7,87,31,93,16,100,19,100,24,70,20,90,20,86,15,92,26,90,11
p4_esuta,782,9181,JPN,PSN,Ryu,76,100,11,72,43,80,45,65,43,64,25,79,29,70,54,70,20,80,68,79,54,87,41,67,77,84,51,86,36,70,51,76,103,73,30
Tsvill,495,9950,JPN,PSN,Birdie,82,100,9,77,22,75,29,82,28,75,16,66,12,95,23,77,9,100,35,80,35,89,28,80,50,79,44,80,35,76,39,86,61,83,18
H-2-3-7,979,10205,GBR,PSN,Cammy,80,100,17,75,49,72,43,70,31,83,30,62,43,87,90,77,27,77,105,77,57,87,49,88,87,76,43,81,38,72,33,86,102,73,19
YHCmochi,292,9500,JPN,PSN,Dhalsim,81,76,17,83,12,84,13,86,15,64,14,80,15,69,13,80,5,94,17,82,23,73,15,70,30,95,20,88,18,58,17,94,35,92,13
DRAGONEYEZ,563,9999,OTH,STEAM,Ryu,84,90,31,100,12,66,24,83,12,100,16,61,13,90,21,100,4,86,30,83,24,93,15,79,59,55,9,76,25,85,7,97,34,66,3
SAULABIS,875,8667,KOR,PSN,Rashid,79,92,13,71,46,79,54,71,42,85,28,87,40,83,54,70,27,80,75,78,74,89,64,78,85,90,51,79,48,69,56,74,101,84,13
GOL_Zaith,399,8653,USA,STEAM,Birdie,81,66,12,73,15,85,28,85,21,93,15,83,12,69,33,70,10,78,42,79,44,70,20,86,29,88,25,73,26,70,10,97,41,83,12
LCD_yamamoto,564,9954,JPN,STEAM,Chun Li,80,77,9,86,23,80,47,66,21,81,16,71,28,77,31,66,21,82,51,84,59,88,26,83,56,80,47,78,33,80,25,80,63,62,8
Sikabonzai,646,9313,FIN,STEAM,Zangief,84,100,6,75,24,90,22,70,48,90,33,47,21,87,55,80,26,79,29,91,59,81,38,83,61,91,60,83,30,92,14,91,82,78,32
naswwwedsx,530,9026,OTH,PSN,R. Mika,84,88,9,95,21,68,22,79,24,83,24,80,10,86,29,100,5,85,21,84,33,82,23,94,38,79,24,76,13,86,15,87,32,80,10
Zeusb_BR,392,8659,BRA,PSN,Karin,84,85,7,64,14,92,14,92,13,100,23,77,9,73,23,68,19,88,25,86,36,86,30,75,49,86,29,94,18,85,14,92,57,75,12
SimSim,738,8615,NOR,STEAM,Dhalsim,89,0,0,88,42,84,33,82,35,94,17,89,29,86,69,95,24,94,69,96,53,97,35,89,89,83,42,80,30,75,12,90,123,97,35
AzizSensei,607,9141,USA,PSN,Claw,71,80,25,61,31,78,19,61,36,64,31,52,34,74,51,57,14,79,44,64,31,73,38,79,58,68,44,68,44,68,19,79,72,75,16
Prodigal_Son,366,9187,DEU,PSN,Ken,80,77,9,76,13,90,20,88,9,66,9,100,11,94,35,100,7,83,36,76,30,75,12,53,39,64,25,80,15,88,9,90,42,80,10
Vi0lents0nic,175,8623,USA,PSN,Nash,88,100,6,66,3,80,5,80,5,100,1,66,3,100,8,100,2,66,6,91,12,100,3,100,11,100,2,100,2,83,6,83,12,100,1
Raizen-SP,768,9355,BRA,PSN,Dictator,81,100,16,75,52,95,22,100,15,85,27,83,37,85,62,72,18,67,83,74,54,69,53,81,90,92,39,77,62,85,21,96,85,84,32
ssslllooowww,749,8725,AUS,STEAM,Ken,85,96,28,91,24,93,31,82,51,88,26,82,29,61,42,92,14,81,60,93,48,94,36,82,93,87,33,80,41,90,11,87,156,84,26
patmonsta209,377,8656,LBR,PSN,Nash,88,66,3,80,25,80,21,92,27,81,16,83,12,88,25,71,7,94,39,88,27,85,21,92,25,96,25,86,23,83,18,95,48,71,14
ShakzDeniro,388,8816,GBR,PSN,Dictator,77,100,3,81,16,69,13,46,15,82,17,83,6,81,22,70,10,78,32,80,25,55,9,77,31,71,14,84,13,72,11,88,44,85,7
YOGAMEWIZARD,387,8984,USA,PSN,Chun Li,82,100,3,92,26,81,16,84,32,83,18,50,10,93,33,58,17,96,32,79,34,80,26,83,37,73,23,78,33,73,15,87,24,75,8
AkiraHayama,369,7028,OTH,PSN,Cammy,80,68,16,61,13,76,13,90,10,83,12,50,6,86,22,0,0,84,25,85,21,87,16,77,18,69,23,73,15,100,6,89,47,100,2
D-Rezz,383,9090,USA,PSN,Necalli,80,80,10,85,14,92,13,85,14,83,18,78,23,70,17,80,5,81,27,77,27,71,14,71,28,79,29,87,16,85,14,77,27,100,4
Excelancer,363,8493,USA,PSN,Karin,87,100,1,96,26,100,14,86,22,79,34,85,14,82,35,83,12,80,25,77,22,95,40,90,21,77,18,89,19,100,16,92,38,100,6
PhenomTheBeast,184,8778,NOR,STEAM,Dictator,89,100,8,0,0,100,6,64,14,100,4,100,3,100,7,87,8,83,12,100,14,100,9,85,7,84,13,80,5,100,2,91,34,100,2
Boltstrike_I,653,8782,GBR,PSN,Claw,74,96,25,47,23,92,39,71,14,81,16,50,30,75,77,65,23,90,43,81,48,68,32,75,33,66,57,79,29,60,40,77,98,80,15
BCW_Chanrith,341,8497,USA,PSN,Dictator,85,100,9,71,32,96,26,100,26,100,7,84,19,82,39,100,6,70,40,86,22,94,17,68,25,83,12,87,8,85,14,96,28,90,11
DOOMSNAKE507,355,9136,OTH,PSN,Claw,74,85,14,60,20,54,11,63,11,75,16,66,15,64,34,71,7,96,30,73,19,69,26,82,46,76,13,45,24,76,13,85,48,85,7
JyunHan,210,9260,ISR,STEAM,Ken,95,100,4,100,7,84,13,90,11,100,5,100,4,100,23,80,10,100,20,100,19,100,12,90,20,100,10,100,14,80,5,96,25,100,8
HeroOne,704,9551,DEU,STEAM,Claw,79,88,25,70,17,73,38,80,21,88,25,85,28,76,52,78,14,74,39,70,61,59,42,90,53,73,30,75,20,68,19,87,109,87,31
ShallowHaven,941,9811,USA,PSN,Dictator,79,90,31,84,44,85,49,57,49,66,62,76,25,82,47,72,22,83,71,80,66,75,49,92,71,85,55,71,52,81,27,82,108,80,15
samboner,774,8289,USA,PSN,Nash,71,86,15,66,48,73,49,69,52,50,42,65,40,78,56,53,28,74,79,83,48,72,72,61,63,85,34,66,53,72,22,85,54,77,18
Punishere,629,9997,USA,STEAM,Chun Li,84,100,4,85,28,88,35,88,27,89,28,65,26,92,28,80,15,89,48,78,42,82,51,92,82,74,43,75,45,96,25,83,77,92,25
shimolen,562,8999,JPN,PSN,R. Mika,80,100,7,91,24,90,22,64,37,95,21,66,18,67,40,92,13,89,46,87,62,76,26,80,68,62,43,88,25,84,44,75,56,90,10
KingBlackToof,611,8168,GBR,STEAM,Rashid,75,86,22,88,25,74,35,82,17,73,41,83,30,73,53,50,12,70,64,68,44,73,46,75,32,75,37,71,38,66,9,76,71,93,16
Kreymore,643,8074,USA,PSN,Fang,79,83,18,80,10,90,22,76,51,80,15,100,9,42,7,0,0,80,52,60,23,78,19,100,14,95,20,58,17,83,12,83,18,75,12
Kofmaster,592,8848,JPN,STEAM,Fang,82,100,15,78,32,57,19,66,27,73,19,88,35,80,57,95,20,81,44,89,29,83,37,80,80,75,40,92,25,87,48,88,50,86,15
RickTTT,244,8405,ESP,STEAM,Ryu,81,91,12,58,12,90,11,87,8,100,3,40,5,66,24,50,4,89,19,88,26,100,10,90,11,78,19,100,4,71,14,89,29,77,9
TaiwanDaimon,266,8908,TWN,STEAM,Dhalsim,91,100,3,71,7,100,6,83,18,90,22,50,6,92,25,100,4,92,27,100,18,88,17,94,36,94,19,100,9,100,9,90,30,100,9
FornHojden,379,8430,USA,PSN,Dictator,66,0,0,44,25,65,26,45,20,80,10,64,14,52,42,53,13,82,23,63,30,77,18,69,39,74,31,69,13,85,7,75,48,78,19
Bkaraba,485,8533,USA,PSN,Ryu,78,83,18,91,12,80,10,60,15,94,17,66,15,79,29,50,4,63,22,85,20,86,30,76,26,69,26,82,28,87,8,81,32,100,3
EvilTornafighter,278,8804,OTH,PSN,Dictator,75,100,7,53,13,83,6,60,10,68,16,100,5,64,37,75,4,95,20,78,28,70,17,74,39,61,13,62,8,80,5,85,41,100,9
edwow34,533,9976,JPN,PSN,Laura,81,100,2,86,22,79,39,83,36,89,19,94,18,94,36,81,22,82,57,72,44,76,26,78,50,72,33,80,30,88,35,69,36,84,19
robsux,1096,6569,AUS,PSN,Karin,80,86,23,92,27,82,51,69,39,72,37,62,32,71,102,90,30,79,73,75,94,70,41,83,101,81,60,75,68,85,28,87,187,95,45
StatuaryPoem,157,8429,BRA,STEAM,Nash,83,100,4,75,4,90,10,100,6,100,4,88,17,60,10,77,9,75,20,75,16,75,8,100,15,66,3,66,6,71,7,100,14,100,4
TheHammerDon,232,8180,USA,PSN,Ken,74,80,15,75,8,85,20,60,15,61,21,66,6,75,8,60,5,44,9,66,12,100,14,78,14,90,10,73,26,62,8,78,28,87,8
MrKingFunk,387,8495,DNK,STEAM,Birdie,86,0,0,64,17,76,30,100,19,90,10,63,11,77,36,75,8,100,30,94,18,80,25,80,35,95,24,77,18,90,11,100,47,90,21
KevinTeque,586,10110,CPV,STEAM,Ken,87,0,0,86,22,100,11,89,19,66,9,70,10,90,20,62,8,77,45,96,27,100,23,88,26,80,21,94,19,93,16,91,23,100,5
MindGainz,393,8321,GBR,STEAM,Birdie,78,100,21,62,16,80,25,73,15,87,16,28,14,81,37,71,7,82,34,94,19,57,28,73,19,89,19,76,26,75,12,88,59,70,17
AngryPoongKo,408,8337,KOR,PSN,Cammy,90,100,1,95,20,80,21,95,20,86,22,75,4,88,27,80,5,88,34,95,43,87,33,86,53,92,25,88,17,93,29,98,50,100,4
PaulB_,1262,8317,USA,PSN,Karin,77,86,15,80,61,80,60,68,90,73,64,72,55,77,113,77,27,79,107,80,76,79,88,79,99,80,72,76,84,75,53,78,141,79,39
PinkStar,285,8330,CHN,STEAM,Laura,90,0,0,88,9,94,17,100,17,81,11,85,7,82,23,100,11,93,29,94,19,91,12,85,34,100,9,100,8,77,9,88,26,100,7
THE_COOL_KID93,657,9361,USA,PSN,Alex,72,84,19,72,18,75,8,60,40,63,22,55,18,81,16,65,23,70,24,65,29,80,20,86,46,61,13,55,18,88,9,80,35,81,11
danslip6,369,8850,ECU,PSN,Cammy,79,100,6,83,12,72,48,69,13,95,21,59,22,80,31,100,6,90,31,88,34,69,26,91,23,56,32,86,22,100,4,80,35,100,3
CmPunkDaGod,669,9110,OTH,PSN,Karin,77,89,38,71,35,83,24,75,24,56,30,80,10,72,37,60,25,77,74,76,46,69,39,81,53,83,30,87,31,86,22,84,72,80,15
TildaSwinton,678,7756,USA,STEAM,Dhalsim,76,81,11,70,40,92,39,73,38,67,28,78,19,78,41,68,25,70,47,81,53,71,45,88,62,75,54,64,37,62,32,78,85,86,22
TONPY-,342,8249,JPN,PSN,Chun Li,79,100,7,94,18,78,28,52,19,100,9,76,13,77,18,100,6,91,24,73,41,69,23,50,28,78,23,78,23,100,16,90,43,100,3
MNO1204,258,8217,USA,STEAM,Dhalsim,84,85,7,80,26,62,16,85,20,66,3,100,9,90,21,100,11,89,19,85,20,88,17,70,10,85,21,91,12,88,17,77,22,100,7
m00iee,649,8078,AUS,STEAM,Ken,86,100,6,88,26,88,26,70,31,91,36,83,30,73,38,92,13,82,51,77,48,86,30,86,87,85,28,95,42,87,24,92,85,91,48
Marvisto,283,8385,USA,PSN,Ryu,88,100,9,86,15,77,18,100,13,100,18,66,12,95,22,100,7,92,26,94,18,93,16,82,23,90,10,90,21,80,5,78,37,92,13
Foomyjin,341,7597,USA,STEAM,Karin,77,80,20,60,10,75,12,83,18,83,12,83,12,77,31,66,3,64,28,90,10,90,22,56,16,85,7,78,14,89,19,80,21,75,4
umekomi,304,8459,JPN,PSN,Nash,83,100,4,66,12,91,24,73,19,40,5,66,12,87,8,85,7,96,31,93,31,88,18,75,24,88,18,80,21,72,11,82,35,84,13
ohkeySFV,357,8274,RUS,STEAM,Dictator,87,100,1,87,16,92,13,92,13,75,16,84,13,86,38,85,14,88,26,83,30,93,15,87,32,86,22,92,14,82,17,91,58,89,19
CaiusMorrigan,250,8227,NLD,PSN,Chun Li,82,0,0,54,11,57,14,90,11,86,15,100,10,78,19,75,4,86,36,82,17,83,12,88,17,71,14,90,11,75,4,89,37,80,15
Furorian,269,8173,FRA,STEAM,Birdie,75,80,5,83,12,88,9,73,15,63,11,54,11,73,26,50,2,82,28,91,23,42,14,80,25,92,13,50,8,22,9,85,49,100,6
RUFIANMX,223,8404,MEX,PSN,Ryu,73,78,19,66,6,100,6,57,19,85,21,100,6,77,9,50,6,87,24,75,28,88,9,38,18,46,15,55,9,100,2,83,18,100,7
Halliburton,361,8319,FRA,PSN,Dhalsim,87,100,3,88,18,76,13,85,20,71,14,45,11,88,26,66,3,93,32,100,21,91,23,82,28,85,14,100,13,83,12,90,66,94,18
CristianRG,451,8926,ESP,STEAM,Ken,73,100,4,44,18,77,27,72,33,90,22,72,11,58,36,80,5,86,45,59,27,64,17,76,38,77,31,76,25,73,15,75,70,70,27
hishow,555,9048,JPN,PSN,Necalli,80,85,7,66,9,88,17,66,30,81,16,100,6,81,32,76,21,75,36,85,28,82,17,83,42,83,31,74,27,86,23,84,46,75,12
Oh_Too,100,8226,OTH,PSN,Ryu,74,63,11,80,5,85,7,0,0,87,8,0,1,50,4,100,3,100,3,64,14,63,11,100,4,0,2,80,5,50,2,100,5,80,15
Nishio_o,254,8449,JPN,PSN,Cammy,81,80,5,70,10,80,10,88,17,84,13,80,5,76,26,80,10,81,27,85,27,85,20,55,20,61,13,92,13,100,7,100,26,80,5
doropon,395,8265,JPN,PSN,Necalli,77,66,6,80,10,44,18,77,22,75,8,76,13,76,21,55,9,83,37,83,24,82,28,72,50,91,24,86,30,77,27,78,60,100,7
Tse4444,231,8352,JPN,PSN,Chun Li,79,100,7,81,11,83,24,87,8,71,7,28,7,58,17,85,7,87,16,71,21,77,9,73,46,87,8,95,20,66,6,100,12,100,5
noxcy_,118,8130,JPN,PSN,Cammy,76,0,0,70,10,100,4,66,3,80,5,70,10,80,10,0,1,83,6,83,18,77,9,60,5,80,5,100,3,75,4,69,23,100,2
Combo_Kash,378,8110,USA,PSN,Nash,84,78,14,78,19,78,28,63,19,70,10,90,10,86,29,61,13,95,22,97,40,83,24,91,24,75,16,86,22,90,10,89,46,100,6
Salieri_,298,8467,JPN,STEAM,Karin,85,66,3,83,6,93,16,75,16,88,9,94,19,81,22,90,11,90,33,86,29,91,12,61,13,75,16,90,10,75,20,91,47,81,16
afg_peace30,597,8521,JPN,PSN,Karin,67,83,6,66,33,52,38,58,43,88,25,72,25,59,32,66,15,74,47,80,45,58,31,60,64,76,51,80,30,51,37,67,59,81,16
kintyo-ru0211,435,8083,JPN,PSN,Ken,76,0,0,46,13,81,16,78,33,68,22,71,14,74,27,90,11,89,49,82,40,85,27,56,46,70,27,76,30,63,30,85,41,100,9
EnetroX,693,7717,OTH,PSN,Cammy,75,88,17,91,24,46,28,60,30,87,31,54,22,74,50,78,19,79,39,85,34,77,40,76,39,57,26,64,28,90,21,89,39,62,8
bonchanRB,105,8151,JPN,STEAM,Ryu,88,100,1,0,0,75,4,100,2,50,8,0,0,80,5,100,2,91,12,89,19,100,8,87,8,100,4,0,0,66,3,96,25,0,0
ChrisWongIsGood,154,8347,OTH,STEAM,Nash,90,100,6,100,1,75,8,83,18,100,9,83,6,83,6,93,15,100,8,100,10,85,7,90,11,100,7,100,7,100,8,77,22,100,5
ED-Jinty,465,8123,GBR,PSN,Ken,81,50,2,76,26,73,19,82,17,70,20,44,18,77,54,85,7,85,35,92,27,85,28,78,55,87,31,78,19,84,19,88,71,94,17
OldKim,362,8166,USA,STEAM,R. Mika,76,80,5,81,11,100,10,82,17,71,21,77,9,93,16,100,6,66,9,64,25,72,18,77,9,58,17,76,13,72,11,78,28,80,5
soulzor,119,8075,OTH,STEAM,Dictator,84,80,10,0,0,100,4,66,6,0,0,75,4,80,5,100,4,87,8,91,12,66,6,90,10,85,7,71,7,0,0,85,28,100,4
WT-kami,196,8195,KWT,PSN,Ryu,80,66,12,88,9,75,8,80,15,94,17,75,12,50,8,100,1,85,14,85,14,88,9,69,13,94,17,72,11,50,2,91,23,63,11
matsudud,463,7599,JPN,PSN,Birdie,81,100,7,92,14,87,24,75,28,72,33,80,15,89,37,66,3,86,44,86,50,75,36,87,40,75,37,65,23,76,21,83,36,80,15
HOMASHINCHIw,243,9247,JPN,STEAM,Fang,87,94,19,83,6,86,15,66,15,90,11,100,5,80,15,100,5,82,34,100,13,92,14,95,23,100,6,80,10,70,10,87,32,100,10
duke728,539,9105,JPN,STEAM,R. Mika,71,100,10,50,22,75,29,69,36,82,17,70,24,85,20,72,11,79,39,80,62,67,34,71,53,94,19,91,12,53,45,64,76,65,29
F3_NinjaCW,611,8629,USA,PSN,R. Mika,75,83,12,75,29,70,41,64,45,65,32,83,18,77,48,72,11,58,53,77,49,83,30,77,48,85,35,84,46,78,19,83,43,70,17
DaGodMC,400,8684,USA,PSN,Necalli,84,100,15,71,14,96,27,76,17,85,7,93,15,94,19,66,9,73,30,78,28,75,16,91,59,79,29,85,14,70,10,86,29,94,17
donjuan,470,8120,USA,PSN,Nash,77,64,17,76,26,88,27,60,30,70,27,81,11,75,33,58,12,78,37,88,25,92,26,64,39,84,26,78,32,61,18,87,71,83,12
ayyfixN,629,7645,FRA,STEAM,Necalli,78,100,7,64,28,78,37,90,41,83,24,54,22,60,64,84,13,86,59,82,41,76,38,73,60,73,38,91,23,65,23,86,92,88,17
GENKI94,421,7630,FRA,PSN,Ryu,78,81,11,66,15,78,19,83,30,84,13,81,22,83,24,87,8,80,25,64,28,72,22,57,38,87,32,88,27,84,25,81,55,88,18
MDZ_jimmY,1226,9928,DEU,PSN,Ryu,85,78,28,70,47,80,73,79,62,87,49,84,25,81,92,66,45,95,94,83,93,76,52,89,133,86,75,84,44,80,47,92,204,86,53
Proudstrawberry,522,8515,JPN,STEAM,Necalli,74,81,11,53,39,95,22,75,33,62,16,92,13,63,33,42,7,80,50,76,39,81,32,80,67,76,30,65,23,76,42,70,50,85,14
PANDA-Ren,617,7908,JPN,STEAM,Rashid,77,100,27,81,22,73,23,58,29,81,22,90,22,76,39,69,13,68,47,79,44,75,20,81,60,69,23,78,28,75,33,77,75,94,17
lau123456,189,8030,JPN,PSN,Dictator,80,100,3,66,3,87,8,33,9,100,2,90,10,85,28,100,7,100,4,100,1,83,6,78,19,100,5,69,26,64,17,86,30,100,11
zet-familia,394,8002,JPN,STEAM,Ryu,85,60,5,83,18,72,29,91,24,85,14,73,15,95,22,81,11,87,32,73,19,85,21,87,33,88,27,82,17,95,24,90,51,66,9
CF_Marvelous,314,10209,BRA,PSN,Dhalsim,89,90,11,81,27,100,15,100,8,100,12,90,10,90,40,83,6,91,23,86,15,86,23,96,30,72,18,80,15,62,8,97,42,100,11
digosPTF,218,7998,PRT,PSN,Dictator,84,87,8,50,4,100,11,68,16,91,12,100,6,60,25,66,3,94,19,100,15,70,10,93,16,85,14,85,7,69,13,100,31,75,8
huntaNX,524,8451,JPN,PSN,R. Mika,80,100,2,71,21,84,32,84,32,83,12,86,15,84,50,66,15,73,42,82,51,91,24,86,36,80,45,68,25,78,38,80,36,85,14
Vegas7,632,9332,BRA,STEAM,Claw,76,100,5,90,22,72,37,87,33,73,42,75,8,75,33,95,20,55,78,86,61,85,48,76,59,70,34,75,24,71,21,68,63,95,21
HiroEC1,237,8216,USA,PSN,Dictator,83,100,3,57,19,100,18,53,15,90,10,80,5,90,10,60,10,95,21,84,38,76,21,92,13,100,9,87,8,75,4,93,33,0,0
Madnificent,185,8092,GBR,PSN,Rashid,85,0,1,80,5,100,10,100,3,80,15,72,11,81,16,80,5,81,22,85,21,100,12,80,15,80,15,100,5,100,7,95,21,100,1
EBAR-cIAW,354,8022,FRA,PSN,R. Mika,90,0,0,84,26,90,20,94,17,77,18,92,13,92,41,86,15,95,22,89,19,96,28,87,39,88,17,88,17,87,8,92,40,100,14
Edgoos,184,8131,FRA,STEAM,Nash,82,100,3,75,8,100,11,93,15,75,8,55,9,91,12,80,5,57,7,88,17,100,6,75,12,66,12,66,3,77,9,88,25,81,11
hotaru23,371,8419,JPN,STEAM,Zangief,77,80,5,78,19,88,25,62,24,85,14,50,10,58,29,87,16,85,28,59,27,74,27,63,22,95,21,80,15,90,33,82,40,81,16
RuLeeee,209,7861,CAN,STEAM,Cammy,76,100,12,66,15,80,5,64,14,80,15,100,4,82,17,100,6,80,5,60,20,100,18,80,15,63,11,63,19,72,11,73,15,80,5
saidolook,143,7985,JPN,PSN,Nash,86,100,1,100,8,100,7,72,11,100,7,0,2,100,7,66,3,85,14,80,10,100,4,75,12,100,10,71,7,87,8,91,23,77,9
DANSLIP,320,8068,USA,PSN,Cammy,77,71,14,92,14,78,33,82,23,75,16,28,7,73,19,60,5,100,14,81,16,78,28,79,29,59,22,72,29,84,13,86,30,87,8
nyansig,304,7972,JPN,STEAM,Cammy,82,100,3,83,18,72,18,90,22,61,13,54,11,86,15,73,19,89,28,90,21,90,21,78,33,90,10,92,14,95,20,80,31,57,7
Soul_Bison,105,8080,FRA,PSN,Dictator,90,100,9,100,6,50,2,87,8,0,0,100,2,66,9,50,2,100,10,100,6,100,9,93,15,80,5,100,6,33,3,100,12,100,1
basilisk_time,271,7987,JPN,PSN,Chun Li,88,0,0,92,14,92,26,75,8,100,12,83,6,95,21,80,10,87,24,90,20,93,16,80,31,94,19,92,14,86,15,83,30,80,5
bowerman51,597,9022,JPN,STEAM,Laura,77,100,7,75,24,62,43,84,32,77,22,57,26,81,33,68,16,78,47,68,45,86,52,84,50,82,34,87,39,70,37,81,74,68,16
knuckle01,296,8194,JPN,STEAM,Ken,79,100,9,60,5,70,10,53,13,84,13,66,21,82,17,80,10,68,25,78,14,87,24,80,26,88,17,79,24,100,13,81,33,77,22
angelapickles,381,8182,OTH,PSN,Dictator,85,100,2,94,18,84,26,66,21,57,14,72,11,85,28,100,6,83,31,94,38,85,34,83,30,93,29,82,23,66,15,97,44,72,11
Dizziness,266,7505,KOR,STEAM,Chun Li,81,80,15,80,10,66,21,66,15,88,9,83,12,80,21,77,9,93,16,86,22,95,20,94,18,81,11,72,22,85,7,73,26,100,11
ChrisSenpai,303,7959,USA,PSN,Ryu,86,87,8,92,13,77,9,87,16,81,16,90,10,93,16,100,5,88,17,82,17,91,12,69,13,72,18,81,11,100,6,95,21,100,4
hakujin0914,268,7957,JPN,PSN,Dictator,82,87,8,100,3,88,17,61,18,66,6,90,10,76,17,71,7,92,25,77,27,78,19,78,23,83,24,90,11,82,17,86,30,100,6
Rewrite1124,210,8162,JPN,PSN,Dictator,81,100,4,66,6,95,20,68,16,88,9,88,9,70,27,83,6,91,12,94,19,53,13,100,4,86,15,85,14,77,9,77,22,50,2
Tourniquet,564,9799,KOR,STEAM,Claw,79,78,19,80,21,80,42,70,37,85,21,61,18,65,20,90,10,85,47,81,44,70,30,76,56,82,29,88,9,80,35,86,79,64,14
numamitai,401,7997,JPN,PSN,Dictator,85,0,0,72,18,79,29,92,27,100,8,80,10,88,25,75,12,96,31,82,29,77,18,73,45,88,25,85,14,90,21,95,41,85,14
AfroCole,248,8120,USA,STEAM,Dhalsim,79,71,14,100,13,87,8,100,5,37,8,100,3,72,22,100,1,67,31,90,21,82,23,88,17,61,13,92,13,100,8,75,32,85,14
PSN_Network,195,7975,LBR,PSN,Chun Li,81,100,5,66,6,100,9,81,11,100,5,50,14,100,11,100,2,80,15,66,12,81,11,87,16,80,10,75,20,62,8,96,27,76,13
Beta_Max,204,7539,USA,STEAM,Dictator,79,50,8,86,15,88,9,50,10,70,10,83,12,88,17,100,2,76,21,85,21,75,8,93,16,90,11,63,11,100,3,80,26,66,3
TimeRocker,363,7800,USA,PSN,Nash,87,0,0,85,21,88,27,73,19,77,22,83,12,85,27,100,12,88,25,86,22,95,23,82,34,86,23,94,18,86,15,96,53,90,10
YoungTon,843,7991,BRA,STEAM,Karin,80,83,30,73,41,81,37,82,45,66,42,69,23,75,56,81,11,64,77,85,70,96,58,83,55,79,79,92,42,88,18,86,124,77,31
TheMochaLatte,533,8128,USA,PSN,Ken,81,80,5,75,16,58,24,73,41,73,34,72,22,86,59,82,17,85,55,79,29,90,30,79,53,87,32,89,28,91,23,86,44,71,21
KGDG07,327,8196,TUN,PSN,Chun Li,74,80,5,100,7,57,14,50,6,62,24,100,12,76,13,100,5,69,52,70,17,87,31,62,40,90,11,85,14,42,14,86,43,100,6
MuscleCop,264,7923,USA,STEAM,Cammy,71,100,9,36,11,60,5,63,22,75,33,61,13,50,10,33,3,77,22,87,24,62,8,75,33,58,17,62,8,75,12,85,28,83,6
Erinia,422,7937,GBR,STEAM,Karin,77,100,3,69,26,66,21,70,20,76,17,58,12,62,40,87,8,79,39,96,25,73,30,100,22,70,24,78,37,74,27,83,60,88,9
hotoke_san,761,7681,JPN,PSN,Dhalsim,76,80,10,79,34,89,64,78,57,77,57,63,11,84,32,87,16,71,67,81,60,65,52,76,68,81,59,74,39,57,33,75,87,73,15
tboykin,475,7550,USA,PSN,Ken,69,71,7,84,13,65,26,71,28,61,26,85,7,57,35,56,16,57,19,68,16,84,26,62,24,61,13,81,16,77,18,80,47,50,10
Nemonic,211,7908,USA,PSN,Ryu,79,87,8,100,3,90,10,66,18,90,10,61,13,63,11,0,2,77,27,83,12,86,22,100,15,50,10,60,10,90,10,91,23,100,7
SOABrenoF1ght3rs,306,7756,BRA,PSN,Ken,77,100,6,80,15,94,18,68,22,85,7,33,3,75,16,55,9,72,22,94,19,78,41,85,20,45,11,73,19,62,8,79,29,83,6
DBJ-ET,290,7895,OTH,STEAM,Laura,81,100,10,88,17,69,13,76,17,91,12,100,17,84,32,90,11,85,14,76,13,68,19,82,28,70,20,100,15,80,10,57,28,100,6
SweetDaddyGoodLo,294,7874,USA,PSN,Fang,88,0,0,93,15,100,15,100,8,93,15,92,13,81,22,75,4,88,26,89,28,80,15,90,30,81,27,80,15,100,13,81,27,92,13
Awhile,257,8283,USA,STEAM,Karin,77,100,4,66,15,91,12,55,34,83,6,50,8,75,16,100,5,83,43,74,27,81,16,86,15,63,11,66,3,100,8,85,28,100,4
RAYG4000,666,7697,USA,PSN,Karin,72,60,15,76,39,60,30,81,38,67,55,80,25,75,60,82,17,67,65,79,43,82,40,69,56,76,38,68,32,82,23,68,69,66,21
KingHarlequin,296,7903,USA,STEAM,Dictator,81,0,0,79,24,78,19,68,16,78,19,90,11,64,25,71,7,83,37,94,18,93,16,80,21,89,19,92,14,71,7,82,34,77,9
Lord_Float,879,8314,USA,PSN,Nash,72,85,28,57,35,63,38,68,54,69,56,46,30,66,69,66,30,68,76,77,67,78,52,80,62,84,50,56,51,78,32,84,109,84,13
Packz93,276,8291,GBR,PSN,Karin,82,33,6,85,20,90,11,83,6,91,12,81,16,89,38,100,4,90,22,87,16,95,22,83,18,61,18,70,17,100,8,79,34,62,8
Fitizen,250,7861,DEU,STEAM,Claw,83,100,2,84,19,80,15,93,15,88,9,66,6,70,24,63,11,100,19,93,15,73,15,91,24,77,18,73,15,100,4,85,27,83,12
ebiumino1,373,7883,JPN,PSN,R. Mika,83,100,10,94,18,81,27,78,28,55,9,100,9,70,10,100,12,86,30,94,34,95,22,70,34,88,18,92,25,80,25,72,58,75,4
BurningG,542,7959,USA,STEAM,Chun Li,92,100,6,91,23,88,9,90,20,85,14,90,10,96,29,100,11,100,16,92,25,93,33,97,36,86,37,95,22,90,21,96,26,86,15
MyNameWasTaken,276,7856,MEX,STEAM,Claw,76,94,18,80,5,78,14,53,15,87,8,50,12,100,11,85,7,63,22,75,33,100,19,84,19,63,22,66,15,100,8,77,22,60,10
chopsocky,476,7868,DEU,STEAM,Birdie,78,100,4,88,9,82,17,71,14,62,8,75,8,80,20,83,6,80,20,95,23,100,5,76,13,83,18,72,11,80,5,68,29,55,9
RichardNguyen420,274,7849,BRA,STEAM,Rashid,86,76,13,87,8,89,19,58,12,62,8,100,6,88,36,100,4,88,18,87,16,92,13,80,21,81,16,95,22,90,22,88,18,100,10
RNS_DCHUSTLE,288,8447,LBR,PSN,Necalli,71,93,16,62,16,60,20,50,6,44,9,28,7,79,24,100,4,50,18,63,11,84,13,90,11,83,6,73,15,100,3,84,19,71,7
Senpai,145,7845,OTH,PSN,Laura,89,100,10,100,4,83,6,100,7,87,8,87,8,100,12,100,6,60,5,100,11,81,11,90,30,0,0,100,7,80,5,81,11,33,3
Pillowofwind,539,7830,USA,PSN,Necalli,77,100,15,83,24,75,37,80,26,72,33,71,21,84,51,87,8,75,49,75,28,88,27,73,46,76,34,70,51,40,15,75,57,100,17
stigmata,418,8424,JPN,PSN,Necalli,77,57,7,73,19,82,34,74,27,78,14,80,21,83,30,70,10,85,20,90,33,72,29,70,30,72,37,81,22,73,26,88,35,66,24
crusher0809,371,7992,JPN,STEAM,Birdie,83,66,3,84,13,90,21,87,40,92,13,64,14,66,27,55,9,92,27,94,19,73,26,81,33,95,21,91,12,84,25,82,50,88,18
DumpTheFatty,149,8119,JPN,PSN,Alex,90,85,7,80,5,91,12,78,14,100,6,100,3,100,9,100,4,100,13,100,16,100,3,86,15,100,8,100,5,80,10,77,9,80,10
semy28,291,8432,DEU,STEAM,Ryu,82,100,1,85,14,73,15,92,13,84,13,50,10,81,33,66,9,85,42,77,22,100,8,88,26,70,17,73,15,100,7,85,35,90,11
kyadhi2,126,7765,JPN,PSN,Nash,83,100,3,81,11,66,9,62,8,83,6,0,0,71,7,50,4,100,9,87,8,100,7,100,7,90,10,100,4,66,6,78,19,100,8
RonaldinhoBR,797,7713,BRA,PSN,Nash,82,100,6,90,44,68,35,87,24,83,36,65,38,74,58,78,28,83,77,82,78,87,55,87,71,81,44,76,59,95,22,88,90,88,27
Spizder,119,7817,SRB,STEAM,Ken,81,0,0,80,10,100,4,80,5,100,5,100,2,62,16,80,5,75,8,85,7,100,3,66,12,80,5,66,6,100,3,95,24,75,4
BTM_Brian,145,8267,GBR,PSN,Chun Li,84,100,1,70,10,85,7,87,8,100,4,60,5,92,25,100,1,83,12,100,5,62,8,92,13,87,8,77,9,75,8,84,13,100,3
iori-jr,112,7789,JPN,STEAM,Ken,81,0,0,0,0,100,9,100,11,100,1,0,0,66,6,100,3,50,6,57,7,80,5,75,12,81,11,85,7,100,9,78,19,75,4
ano0315,254,8424,JPN,PSN,R. Mika,74,100,10,63,11,72,18,70,27,75,8,100,4,100,9,100,3,100,13,55,20,66,15,79,24,73,19,70,20,53,13,76,30,80,10
ValhallaRoom,161,8013,JPN,PSN,Cammy,81,88,9,66,6,77,9,50,6,77,9,75,8,83,6,100,1,70,10,100,8,100,9,86,23,84,13,60,5,100,7,82,23,77,9
OmGiTzRMika,560,7708,OTH,PSN,R. Mika,69,0,0,61,42,78,23,58,34,81,33,61,21,75,54,65,26,62,48,75,33,79,39,66,48,66,36,75,33,60,23,66,24,60,15
Fuhaj1n,528,8224,BEL,PSN,Nash,69,81,16,84,19,62,35,66,36,61,21,64,14,49,51,52,17,85,48,88,42,63,38,51,58,77,22,73,19,70,24,87,55,75,12
Techular,385,7576,GBR,STEAM,Birdie,74,100,2,60,28,66,18,73,15,65,20,64,17,66,62,75,8,75,28,91,23,89,19,79,29,50,22,100,14,100,11,76,52,88,17
DrKongFu,618,8496,USA,PSN,Chun Li,75,80,25,75,20,72,50,78,33,75,20,50,18,73,64,75,20,74,66,77,40,85,41,57,28,71,49,71,38,76,17,84,78,100,11
Th3fAcKiNgKiNg,308,7773,OTH,PSN,Dhalsim,90,0,0,100,9,90,11,100,14,87,16,100,11,85,21,66,3,88,26,85,27,91,12,86,37,79,24,100,22,88,9,93,49,94,17
UA_Saionide,387,7772,USA,PSN,Ken,87,85,7,92,13,90,21,83,31,100,8,84,19,90,31,100,6,79,29,80,31,96,26,87,41,84,19,87,33,100,9,82,47,93,16
mattypie,345,7752,USA,STEAM,Chun Li,82,0,0,94,18,64,28,82,23,90,10,84,19,91,24,100,9,77,27,83,12,95,22,88,25,79,24,86,22,73,19,78,42,78,19
RanellyBelly,512,7722,USA,PSN,Chun Li,78,85,7,80,36,68,19,74,31,80,30,77,22,77,35,86,15,95,40,77,35,76,25,76,47,75,45,65,29,64,17,89,55,75,24
BCW_Pabbs,400,7764,USA,PSN,Birdie,83,100,2,80,20,72,22,82,28,95,22,91,12,96,31,66,6,92,38,72,22,74,31,85,35,86,37,85,27,38,13,92,39,78,14
snackdog99,128,7772,USA,PSN,R. Mika,87,100,3,100,1,0,0,100,1,0,1,100,2,100,3,0,0,100,5,60,5,83,6,90,11,100,2,0,1,100,1,100,5,100,2
ShinobiRain,376,7806,JPN,PSN,Ryu,80,100,20,81,22,83,30,84,13,61,13,66,18,80,20,57,7,75,28,86,30,88,27,64,28,88,17,77,27,83,24,88,43,77,9
bobby_syoryuken,843,8995,JPN,STEAM,Ryu,72,100,6,66,27,64,51,66,69,79,49,63,22,72,48,56,16,74,78,66,62,79,44,71,85,64,59,72,55,86,36,79,112,91,24
Townerjamz,482,7961,OTH,PSN,Dhalsim,77,78,19,63,85,73,15,93,29,83,12,88,17,73,23,100,11,67,37,84,25,87,24,88,43,75,48,66,36,66,6,87,31,100,15
FightCoachFight,363,7918,USA,PSN,Birdie,90,0,0,96,25,100,17,86,22,78,19,75,20,88,18,92,13,93,30,86,29,91,24,82,29,95,24,89,19,91,12,97,38,100,8
NeverKnowsBest,575,7398,USA,STEAM,Ken,66,83,12,65,29,73,19,68,41,51,33,31,22,65,52,70,10,70,51,72,40,69,36,59,49,56,30,65,23,55,29,81,79,72,18
RoyalMist,383,8296,USA,PSN,Birdie,85,100,7,85,21,88,18,68,16,80,21,77,9,100,26,100,8,81,32,85,20,86,29,77,18,78,23,81,22,78,19,94,37,100,12
DT_Picoro,393,7439,PER,PSN,Dictator,85,100,7,82,45,100,3,100,1,92,42,81,16,87,16,66,18,93,82,85,20,50,32,92,13,93,16,90,21,40,5,95,49,71,7
dain111,580,7842,JPN,STEAM,Dhalsim,77,75,4,84,19,77,44,75,32,92,13,63,19,87,39,68,29,80,55,80,52,87,40,66,51,72,37,66,27,76,46,84,63,80,10
nooblet92,606,7993,OTH,STEAM,Ryu,71,100,8,69,13,90,33,61,31,64,28,100,8,50,61,100,3,67,65,59,62,82,23,65,76,69,13,74,47,100,8,92,78,72,44
Ben_QQ,328,7638,DNK,STEAM,Dictator,83,100,4,85,28,92,13,77,18,93,16,63,11,75,33,57,7,91,34,82,28,61,13,96,30,92,14,70,10,80,10,87,49,70,10
r0ckaboi,158,8018,USA,STEAM,Dhalsim,86,0,0,100,7,91,12,83,6,100,7,57,7,85,14,100,1,70,10,77,9,75,8,100,11,83,6,100,8,100,2,85,7,100,6
OrangeMan,298,8071,CAN,STEAM,Rashid,78,72,22,75,12,66,12,70,20,72,22,40,5,83,37,66,12,73,19,80,35,73,15,94,19,83,6,86,15,83,6,84,32,88,9
DSC-Khannibal,282,7448,MEX,PSN,Fang,82,0,0,91,12,87,8,100,8,71,14,91,12,84,13,0,4,88,17,91,12,81,16,75,20,88,9,50,10,80,5,94,17,100,1
Oppaopp4,597,8159,JPN,STEAM,Laura,75,100,6,65,20,75,52,77,45,83,18,77,22,73,30,60,10,77,48,80,46,72,48,76,52,84,45,68,41,74,39,69,62,84,13
kojimax,317,8019,JPN,PSN,Nash,80,0,0,71,7,76,26,83,12,78,14,93,15,73,26,62,8,89,29,90,22,80,20,68,32,75,29,64,14,87,24,91,35,100,4
StDxBlitzMan,100,7732,CAN,PSN,Karin,85,100,7,100,7,100,1,75,8,0,0,25,4,100,4,66,6,87,8,100,6,100,4,100,10,50,6,83,6,80,5,86,15,100,3
SypherFlame,567,8276,USA,PSN,Necalli,73,76,21,73,23,80,35,70,34,81,37,80,20,64,48,57,14,78,56,85,40,73,26,69,42,60,35,75,32,81,16,73,75,69,13
Mignon_Luffy,224,7737,FRA,PSN,R. Mika,79,100,1,57,7,92,14,80,5,80,5,100,4,90,20,66,3,88,9,57,14,100,3,77,18,50,10,87,8,100,3,82,23,75,4
Tyrant_UK,744,8320,GBR,PSN,Dictator,77,100,16,78,50,61,31,82,29,91,45,85,28,73,84,84,13,80,47,78,38,72,50,72,79,65,41,76,39,72,11,83,114,79,29
Jhunze,731,7681,USA,PSN,Laura,72,94,18,70,44,58,34,81,43,94,34,60,33,75,80,76,17,71,59,55,45,87,32,73,52,58,46,67,37,73,38,77,83,68,22
SFGIEF,325,7710,USA,PSN,Zangief,68,100,6,53,13,85,20,53,15,62,16,66,9,80,21,66,6,75,36,66,24,69,23,42,26,65,26,65,29,88,9,88,35,18,11
RZampa,261,7704,BRA,PSN,Dictator,86,100,2,88,9,100,7,83,12,84,13,58,12,83,6,57,7,100,16,75,24,90,10,93,15,92,14,83,6,88,9,95,43,80,5
botbMagneto1080p,581,7508,USA,PSN,Karin,77,83,12,77,40,80,21,68,32,64,37,76,17,82,35,100,13,77,53,86,46,75,40,76,42,75,33,83,36,77,18,78,42,66,24
Jazdero,678,8198,MEX,PSN,Karin,73,85,21,75,20,71,21,40,15,58,17,56,16,59,32,50,6,82,51,81,32,84,25,56,30,71,45,77,22,77,9,85,34,96,26
Nimo_0,790,8229,GBR,STEAM,Necalli,83,0,0,89,29,76,21,75,56,75,32,92,14,70,81,94,19,87,73,90,52,80,52,75,66,92,54,91,34,75,24,93,115,80,15
P4AU-PLAYER,515,7691,USA,STEAM,Ken,79,0,0,74,31,76,30,77,48,88,25,91,12,78,37,87,16,75,58,86,30,85,34,81,61,63,22,82,35,69,13,82,51,75,12
sfchamp84,442,7550,USA,PSN,Necalli,72,83,12,62,24,70,27,64,14,74,27,53,15,57,28,77,22,68,41,84,32,70,34,78,37,68,25,73,23,73,15,89,38,80,15
Hado_Bramzou,255,7855,FRA,STEAM,Rashid,82,90,11,87,8,63,19,92,14,66,12,88,9,62,32,88,9,91,12,93,29,83,12,84,13,85,14,80,10,88,9,89,37,80,5
Soltis,503,7685,USA,STEAM,Fang,72,77,9,64,31,71,14,76,26,72,22,50,18,58,62,69,13,75,49,87,31,62,32,79,44,68,29,70,34,78,28,89,46,84,13
X_Y_Z_Z_Y,789,7654,KOR,STEAM,Birdie,74,85,7,81,38,74,55,68,35,68,16,80,30,79,64,70,30,75,78,76,56,64,53,71,87,83,31,69,39,75,57,70,95,77,18
crispyb0i,429,7949,USA,STEAM,Fang,76,72,25,61,18,55,9,66,27,65,20,66,27,68,35,100,9,78,37,89,37,79,29,80,30,71,35,78,23,81,11,85,40,100,10
flcln9,320,7764,RUS,PSN,R. Mika,85,94,18,66,15,93,16,63,19,100,7,28,7,90,31,60,15,93,33,95,22,81,11,93,15,90,21,75,16,90,11,91,36,92,27
Tnatchie,342,7151,USA,PSN,Dictator,66,71,7,47,19,53,26,65,20,85,21,61,18,44,27,83,6,48,25,72,22,63,19,78,37,76,17,70,24,80,10,78,33,77,9
OmegaGreen,380,8495,OTH,PSN,Dictator,76,100,3,81,11,72,22,75,20,62,16,14,7,83,18,66,12,96,27,92,25,80,21,78,46,72,37,66,33,70,24,83,42,78,14
XsK_Samurai,226,7695,USA,PSN,Ryu,86,75,8,80,5,90,11,90,11,100,6,100,1,89,29,66,3,100,18,75,16,100,16,96,25,62,16,84,19,77,9,84,25,87,8
Lv_Deceptionz,696,7432,CAN,PSN,Claw,76,77,9,75,53,84,25,87,32,74,35,80,30,74,51,92,14,74,55,70,31,71,49,68,73,80,47,76,39,85,20,73,53,84,19
uramakiroll,363,7697,JPN,PSN,Rashid,72,83,6,66,21,85,20,52,23,64,14,75,4,68,16,100,5,72,29,78,19,75,33,68,29,71,28,72,25,62,24,90,31,55,9
tenafly_viper,396,7240,USA,STEAM,Birdie,75,60,10,87,24,89,19,51,39,87,24,58,12,72,29,66,12,69,43,70,27,73,26,78,28,100,16,91,12,75,16,83,42,100,3
psxsquall,398,7560,USA,STEAM,Claw,79,90,11,63,22,78,19,60,23,90,11,83,18,73,23,100,9,75,49,86,23,95,23,75,40,71,28,80,40,100,18,77,35,83,6
Pavocado,296,7683,USA,STEAM,R. Mika,88,0,0,100,14,80,15,92,13,100,17,80,5,87,24,75,4,87,31,87,33,80,21,100,18,78,28,96,25,100,3,87,32,92,13
GiganticTager,761,7215,GBR,PSN,Dictator,73,83,24,76,47,66,30,80,36,76,34,69,26,61,88,72,29,69,62,80,56,77,40,71,64,78,71,67,28,57,21,82,93,63,11
MikotoSuoh,118,7674,GBR,PSN,Ryu,94,0,0,71,7,100,8,100,1,100,5,100,3,100,7,100,4,100,10,100,4,100,6,87,16,100,5,100,6,92,13,95,20,100,3
enji_ps4,549,7569,JPN,PSN,Rashid,67,80,15,55,20,74,39,61,36,75,20,56,16,80,20,78,14,71,56,73,61,69,36,55,61,47,17,75,32,75,24,66,59,60,5
WhiteBl4ck,320,7588,FRA,PSN,Ken,79,100,6,85,14,73,19,100,15,85,7,50,8,75,33,66,12,67,34,69,13,80,15,89,29,88,17,88,17,57,7,79,63,90,11
RayRay,1058,10016,USA,STEAM,Chun Li,78,81,16,85,99,72,50,90,44,77,53,77,45,72,81,70,30,84,119,72,95,80,65,80,76,68,64,84,44,73,46,77,114,88,17
Nightcross,182,7667,BEL,STEAM,Dhalsim,81,100,3,63,11,75,8,92,13,77,9,66,21,81,11,75,4,83,12,85,14,87,8,92,14,77,9,85,7,100,12,76,21,80,5
AcceleratorXiv,668,6705,JPN,STEAM,Nash,62,93,16,64,14,55,60,50,62,55,29,58,24,61,44,71,14,69,63,76,71,31,41,67,61,60,40,50,26,62,27,76,52,75,24
kamome,233,7996,JPN,PSN,Nash,84,100,4,100,7,94,17,81,11,71,7,66,9,92,14,77,9,91,34,83,12,86,15,82,23,78,14,70,10,75,16,92,27,75,4
kofROMANCE,228,8439,USA,PSN,Karin,78,100,13,68,51,100,8,100,10,100,6,66,21,100,3,0,0,77,9,100,8,81,11,75,20,66,9,53,15,75,8,96,25,72,11
Tequ1la,241,7645,BRA,STEAM,Birdie,83,100,6,81,11,90,22,100,13,73,23,87,8,73,30,50,4,81,11,90,22,63,11,83,12,75,29,100,5,100,3,92,25,100,5
SabugoFresco,353,8532,BRA,PSN,Dhalsim,81,60,10,55,18,76,21,78,14,100,6,50,2,91,35,50,4,67,43,100,14,93,31,77,54,88,18,86,15,100,4,88,53,100,11
MosBonge,174,7690,JPN,STEAM,Birdie,82,100,4,66,3,85,7,62,8,100,11,100,5,75,12,100,2,85,27,78,19,86,15,57,7,100,12,100,4,58,12,87,16,80,10
renze85,376,7628,AUS,STEAM,Chun Li,79,0,0,66,6,100,11,88,9,92,25,60,10,82,17,63,11,73,26,70,34,83,6,88,52,61,21,95,22,81,11,79,59,75,40
Tuturuu,575,7653,CAN,STEAM,Karin,85,0,0,76,26,83,31,60,46,92,25,74,27,78,37,88,17,92,51,85,62,78,28,88,51,89,29,92,27,100,14,96,75,93,15
PRO7OTYPE,330,7813,USA,PSN,Cammy,76,93,15,63,22,56,16,80,15,75,16,75,4,64,28,75,8,64,14,91,12,92,13,68,16,77,18,83,12,80,5,82,47,80,10
yu5ririn,209,7655,JPN,PSN,Dictator,81,0,0,85,7,75,20,76,13,71,7,66,6,44,9,80,5,100,19,85,21,87,16,93,16,100,12,88,17,66,9,76,26,66,6
JF_RottenX,229,8021,GRC,PSN,Dictator,86,88,17,80,15,75,12,90,10,50,6,88,9,77,18,83,6,92,14,94,17,75,8,88,18,92,14,88,18,66,3,97,39,80,5
BTM_GuN_SLinGa,417,7522,GBR,PSN,Ken,75,78,14,53,15,60,15,80,10,86,15,70,10,65,26,71,7,72,40,80,15,84,19,81,16,83,12,87,8,69,13,90,33,66,9
Dipper,109,7647,MEX,PSN,Karin,93,100,3,100,6,100,7,66,3,50,2,85,7,100,4,100,3,80,10,85,7,100,8,100,15,100,1,90,10,100,4,100,19,0,0
naumanzoh,569,7971,JPN,STEAM,Ken,71,85,21,90,10,66,51,67,53,72,18,63,30,76,21,66,12,72,40,80,42,84,39,60,56,63,33,62,32,64,31,75,64,81,16
kenpachi-BE,312,7639,BEL,PSN,Ryu,82,100,1,85,7,75,16,82,17,85,7,57,19,84,13,100,4,100,18,100,10,80,10,64,14,80,20,33,3,80,10,94,36,100,4
SaltyBoison,237,7853,SWE,PSN,Cammy,78,100,4,42,7,85,7,0,1,66,12,0,2,63,22,100,2,78,14,64,17,100,7,86,22,100,12,88,9,75,4,86,36,100,2
KBradJStorm,205,7608,USA,PSN,Cammy,73,100,2,80,5,73,15,75,12,70,10,100,8,66,18,77,9,57,19,84,19,58,12,80,15,81,16,57,14,83,6,80,20,60,5
AT-Shadow,623,9034,JPN,PSN,Laura,80,85,21,68,16,90,30,62,40,80,30,69,39,78,41,78,14,82,80,86,58,91,47,74,47,78,42,65,20,74,27,90,64,100,7
BksOnlyHope,646,6840,USA,PSN,Birdie,71,90,10,77,49,82,39,56,25,61,36,63,44,79,49,61,26,75,64,65,38,70,50,71,56,62,40,74,27,76,26,81,53,64,14
Mignon_Evans,259,7755,FRA,PSN,Karin,83,100,4,44,18,90,20,100,9,100,5,85,7,73,34,100,5,100,16,85,14,87,16,77,18,95,24,83,12,85,14,82,39,75,4
FlyGamer,306,8383,USA,PSN,Chun Li,85,0,0,76,17,89,19,100,16,94,19,88,9,83,24,62,8,85,27,84,19,88,17,87,33,64,17,95,20,88,9,84,44,100,8
Fight_Fever,129,7347,USA,PSN,Birdie,83,85,7,70,10,100,8,100,3,100,2,50,4,68,16,100,3,72,11,100,10,100,3,84,13,100,6,87,8,100,4,76,17,100,4
BombitoPR,577,7626,USA,PSN,Birdie,82,66,3,88,26,83,31,66,27,92,26,84,26,85,54,80,21,84,57,83,31,80,47,78,52,91,46,81,44,78,19,85,47,65,20
Riggs760,171,7562,USA,PSN,Dictator,84,66,6,76,13,86,15,63,11,85,7,100,10,100,3,100,6,87,8,85,7,83,12,100,11,57,7,80,10,80,5,85,27,100,6
Oboro-bento,512,7564,JPN,PSN,Nash,81,0,0,85,20,78,47,65,32,60,15,68,16,84,25,77,9,91,47,80,40,87,31,72,47,82,40,88,26,86,37,85,60,94,19
sean2dgod,497,7496,ITA,STEAM,Rashid,79,81,11,77,18,80,21,61,26,69,13,90,10,67,40,78,14,86,50,76,46,88,27,77,48,70,37,82,23,76,17,93,73,76,21
bluebirddx,289,8401,JPN,PSN,Dictator,84,83,6,70,10,80,26,75,16,83,6,80,5,92,14,50,4,86,30,86,30,62,16,88,26,95,21,78,19,90,11,95,42,80,5
fstan9999,176,7758,BRA,PSN,Cammy,86,91,12,85,14,87,8,100,5,75,4,100,4,100,5,66,3,90,11,93,15,80,10,87,16,57,19,100,12,100,3,88,25,100,10
J-BOOWY,423,8767,JPN,PSN,Laura,77,75,20,58,12,54,11,62,24,92,14,66,18,81,22,84,13,83,31,84,33,82,35,76,46,71,28,84,32,60,23,82,52,88,9
sawasama,455,8223,JPN,PSN,Nash,69,100,5,50,18,65,32,63,41,53,32,76,13,48,25,64,14,59,27,93,32,61,21,67,49,70,30,77,22,65,20,81,53,95,20
One-punch-man,658,7635,ALB,PSN,Fang,80,100,11,67,28,74,43,77,31,87,24,64,17,76,72,75,8,81,61,85,55,75,20,85,75,69,33,80,21,88,25,81,110,82,23
GiefKid,134,7967,USA,PSN,Zangief,79,71,14,80,5,60,5,83,6,100,6,85,7,75,16,0,0,87,8,60,5,100,3,92,13,71,14,44,9,50,2,94,18,100,3
CastBlanka,220,7512,MEX,STEAM,Chun Li,78,84,19,88,9,83,12,77,9,88,18,100,4,76,13,75,4,57,19,93,15,90,11,71,21,70,10,75,16,100,7,70,24,55,9
Halibut,475,7912,USA,STEAM,Dictator,76,100,5,66,15,63,19,81,32,72,29,75,28,78,33,75,8,86,46,91,24,68,29,70,31,92,14,68,35,66,12,78,51,64,17
Lineni,276,7652,KOR,STEAM,Ken,73,100,1,63,11,78,23,53,13,33,6,90,11,68,22,71,7,82,17,88,17,72,18,58,31,87,16,85,14,75,16,73,42,90,11
Nyc3-Da-Gawd,442,8530,USA,PSN,R. Mika,78,83,6,85,21,70,34,86,15,71,28,66,15,72,25,90,10,69,33,86,46,74,43,73,56,93,29,78,19,80,10,81,37,100,15
ueMrPink,285,7443,USA,PSN,Ken,77,84,26,92,13,75,16,73,30,62,16,50,6,73,19,45,11,73,15,90,10,82,17,68,22,75,12,100,11,80,10,86,44,100,7
tactics,639,7978,USA,PSN,Claw,65,90,10,70,41,70,40,60,38,57,26,70,20,62,61,40,22,66,56,75,54,67,34,63,63,50,40,52,23,73,19,75,64,46,13
Stavanger1,250,7723,IRL,STEAM,Dictator,77,84,13,90,11,81,16,90,20,50,14,46,13,91,23,66,3,86,29,53,15,63,11,76,13,81,16,71,14,57,7,91,24,75,8
onigirikai,238,7283,JPN,PSN,Claw,75,100,4,100,7,78,19,94,18,75,4,72,11,83,12,37,8,93,16,58,24,72,18,81,16,66,9,70,20,69,13,70,24,73,15
Ev1lSky,335,7800,JPN,PSN,Nash,77,90,11,63,11,81,22,83,12,83,18,75,12,35,34,83,6,66,12,60,20,95,21,88,34,88,9,82,17,80,10,84,65,85,21
Atrosh,656,8714,SWE,STEAM,Birdie,78,89,19,75,32,87,32,73,30,90,20,48,31,77,68,75,8,83,42,79,48,75,32,78,57,90,50,57,26,60,23,85,117,80,21
Throsh,234,7782,GBR,PSN,Dhalsim,73,100,7,76,17,68,16,100,7,84,13,30,10,65,20,100,1,70,17,75,12,83,18,71,14,70,24,37,8,71,7,81,32,90,10
DR_RAY,172,8614,DOM,PSN,Claw,85,100,8,71,7,69,13,100,4,86,15,75,4,90,11,60,5,70,10,100,12,80,15,91,12,91,12,100,13,100,4,82,23,75,4
I-HARA_BUSHINRYU,239,7581,JPN,PSN,Dhalsim,72,100,7,100,11,66,21,62,16,73,23,50,4,72,11,66,3,91,12,78,19,53,15,76,17,90,10,100,7,42,26,77,35,100,2
KingJaeUK,633,6942,OTH,PSN,Birdie,59,90,10,51,27,46,32,37,27,67,31,58,17,56,99,36,11,51,45,34,26,62,48,53,69,70,24,64,28,72,22,79,82,72,33
frieda0914,163,7547,JPN,STEAM,Nash,88,0,0,100,1,100,7,100,4,50,2,80,5,100,4,100,5,100,8,92,13,66,6,77,9,0,1,66,6,100,7,95,20,66,3
KeNt4r0,471,8033,JPN,STEAM,Zangief,79,100,5,84,19,71,35,67,28,57,21,36,11,89,28,88,9,85,41,81,33,91,34,68,50,88,26,82,39,90,21,81,49,86,22
Rampagelex,809,8728,ESP,PSN,Nash,68,85,14,61,39,63,46,52,34,69,49,56,16,54,86,64,17,68,86,75,57,57,47,67,81,64,39,77,35,82,17,80,119,85,27
MBotsu,420,8331,USA,STEAM,Chun Li,74,100,4,80,15,78,28,62,29,83,12,56,16,86,22,69,13,78,38,75,44,70,31,80,30,59,22,56,32,72,11,83,66,85,7
mkt-iwate,914,7641,JPN,PSN,Necalli,73,76,17,83,37,71,78,64,54,69,26,73,30,71,70,70,30,82,67,82,93,71,46,73,105,74,50,75,44,70,48,68,104,80,15
CalzoneFiend,112,7543,USA,STEAM,Dhalsim,78,62,8,100,2,100,3,80,5,66,12,100,1,80,5,0,0,77,9,100,4,83,12,94,17,85,14,75,4,0,4,70,10,100,2
padzeikmr,319,7571,JPN,PSN,Necalli,84,0,0,85,20,81,22,81,22,72,11,83,12,90,22,100,4,86,29,96,26,84,19,78,32,78,23,84,13,77,22,86,38,75,4
nayuitu,102,7601,JPN,PSN,Karin,83,50,4,0,0,85,7,100,1,100,3,80,5,100,2,0,0,80,5,100,6,72,11,90,10,85,7,91,23,75,4,100,6,50,8
BigBluAux,394,6626,USA,PSN,Dhalsim,69,66,21,42,19,80,25,57,19,62,24,52,17,68,35,76,13,79,39,65,26,90,22,72,25,40,22,77,27,53,13,88,35,90,11
ROBINRAMIREZ,326,7539,NLD,STEAM,R. Mika,80,0,0,100,17,75,20,86,15,81,11,77,18,79,24,69,13,89,19,77,31,81,16,70,30,88,18,84,19,66,9,82,47,70,10
IceEffect,373,7290,USA,PSN,Laura,63,73,23,60,23,72,22,68,29,56,23,58,12,76,21,92,13,53,45,73,23,30,13,69,33,55,29,44,18,37,8,67,28,60,10
GXSeguero,106,7735,COL,STEAM,Ken,82,100,3,80,5,77,9,100,1,100,13,83,6,71,7,0,2,100,6,91,12,50,8,60,5,60,5,100,3,71,7,100,11,100,3
Snafoo,192,8132,CAN,STEAM,Fang,75,0,0,88,9,50,2,100,3,60,5,83,6,68,16,0,1,62,8,83,6,72,11,50,6,66,9,100,2,100,4,90,11,100,3
mikesaftig,325,7679,MEX,PSN,Nash,61,68,16,62,24,69,13,57,21,30,13,62,8,68,25,83,6,68,19,48,29,66,15,79,29,44,29,51,29,100,3,76,26,50,12
commander,354,7836,USA,PSN,Dhalsim,86,100,5,93,16,85,27,76,21,81,16,82,17,91,23,66,3,85,21,87,24,93,30,77,27,90,21,84,26,87,8,92,52,87,8
RainbowImpact,237,7506,USA,PSN,R. Mika,86,0,0,81,16,88,17,63,19,81,11,88,9,90,20,100,4,90,10,90,21,83,12,89,19,85,14,83,18,100,5,100,25,60,5
ukitako,239,7617,JPN,PSN,Cammy,65,100,1,60,5,66,18,57,26,45,11,70,10,64,17,0,0,75,28,71,14,53,13,44,25,82,17,72,11,66,15,73,23,100,5
Invasian,280,7556,USA,STEAM,Karin,79,100,1,68,16,100,12,66,9,71,14,72,11,78,19,41,12,87,24,75,20,100,17,86,30,68,19,66,15,78,19,92,26,83,6
BNBBN_1231,151,8433,JPN,PSN,Ken,88,100,2,100,6,88,9,100,10,85,7,88,9,85,20,83,6,60,5,90,10,86,15,83,12,77,9,100,6,100,9,86,15,100,1
Ku-mo-ko,1209,7769,FRA,PSN,Dictator,67,79,29,55,86,76,60,63,57,72,51,50,56,71,126,47,23,73,72,68,98,65,83,73,120,67,79,61,47,63,49,76,142,45,31
WL_ChrisKing,217,7574,USA,PSN,Claw,83,100,4,33,3,54,11,70,10,71,7,91,12,73,15,75,4,89,29,78,14,87,16,93,15,86,15,81,22,100,5,96,28,85,7
a_Z_z_Z_z,101,7544,PRK,STEAM,Ryu,84,100,4,0,0,66,6,40,5,100,3,100,2,85,7,100,4,86,15,100,5,85,7,100,3,100,4,90,11,100,5,68,19,100,1
LaDOSE_Richiro,767,7834,FRA,PSN,Ryu,72,100,9,73,42,65,40,76,43,68,41,37,40,56,76,78,19,75,53,78,51,90,33,64,56,74,50,75,40,79,34,82,94,77,44
Beslem,801,7263,FRA,STEAM,Ryu,67,96,25,59,22,63,52,78,42,35,45,62,27,55,61,71,14,71,81,77,67,66,54,53,54,66,54,82,39,85,28,64,115,85,21
Shermy,254,7543,USA,PSN,Karin,87,100,5,76,13,100,14,92,25,79,24,87,8,77,18,80,15,92,14,80,15,100,12,81,16,100,13,92,13,81,11,93,29,77,9
Amnesia,333,7500,JPN,PSN,Nash,76,80,5,78,14,53,13,76,13,76,13,70,17,73,23,77,9,80,36,75,33,82,28,69,39,71,21,65,20,86,15,90,33,100,1
aiaitomo,336,7981,JPN,PSN,Chun Li,80,100,7,64,14,80,15,78,19,100,10,72,11,78,19,72,11,90,22,84,26,90,20,79,43,73,34,69,26,86,15,79,34,90,10
xAquaSkyx,112,7539,USA,PSN,Ken,77,88,9,75,8,100,5,100,1,100,5,100,4,69,13,80,5,50,4,66,12,100,4,63,11,75,4,62,8,75,4,88,9,83,6
FenTamu5,218,7568,JPN,PSN,Necalli,90,0,0,77,9,83,12,90,10,80,5,100,1,93,16,100,2,93,16,92,25,88,18,92,27,83,12,100,8,82,17,93,33,100,3
Skiller,161,7547,USA,STEAM,Dhalsim,68,100,2,63,11,66,6,63,11,73,15,57,7,70,10,50,2,53,15,68,16,71,14,81,11,60,10,85,7,60,5,76,17,100,2
Phife_dawg,537,7273,USA,PSN,Nash,79,72,22,85,28,68,19,75,28,62,32,81,27,71,42,80,10,87,33,79,39,94,34,75,57,86,30,72,43,82,17,86,50,94,19
801_Strider,434,7799,USA,PSN,Alex,70,78,14,91,12,62,8,68,16,0,3,77,9,66,15,100,10,66,21,73,15,76,13,68,25,20,5,57,14,85,7,68,35,100,1
Warahk86,347,7299,USA,STEAM,Nash,66,0,0,66,9,72,37,52,25,56,16,73,19,60,25,80,5,68,32,55,20,90,21,68,29,66,18,62,16,68,16,59,42,90,11
XxRnVxX,147,7519,USA,STEAM,Claw,74,50,10,83,6,90,10,90,11,53,15,33,3,55,9,100,3,87,8,80,10,66,9,83,6,71,7,62,8,0,0,82,23,100,9
mossmossmoss,249,7513,GBR,STEAM,Dhalsim,70,0,0,50,10,57,7,100,4,90,10,50,8,75,28,100,2,70,27,73,26,38,18,86,22,38,13,64,17,76,13,92,25,100,3
N1soiti,135,7566,JPN,PSN,Necalli,68,0,0,50,6,20,5,77,9,100,3,33,3,40,5,66,3,66,3,83,6,80,5,70,10,77,9,75,4,71,7,80,10,100,2
lim83man,287,7558,KOR,PSN,Ryu,85,0,0,54,11,96,25,85,14,66,9,72,11,78,23,80,10,91,37,89,29,85,21,80,21,85,14,80,10,82,17,93,32,100,3
Fovean_Warrior,223,7726,ITA,PSN,Karin,100,100,9,100,8,100,13,100,15,100,6,100,9,100,17,100,5,100,15,100,16,100,12,100,25,100,4,100,12,100,8,100,47,100,2
oko-chicchi,430,7439,JPN,PSN,Ken,73,92,14,64,14,80,26,44,18,91,24,66,12,81,11,66,9,82,35,94,37,67,34,67,43,75,37,61,39,60,25,76,46,50,6
yeaaahhhh,100,7526,OTH,STEAM,Chun Li,83,100,6,100,5,100,2,91,12,84,13,50,4,100,4,50,2,100,4,81,11,76,13,71,7,83,6,0,0,100,1,66,9,100,1
Citizen,515,7557,GBR,STEAM,Fang,71,88,9,78,32,54,31,84,32,64,39,37,24,70,60,100,5,80,35,71,32,64,31,71,28,65,41,92,27,85,14,73,61,64,14
Shinji840,847,7693,USA,STEAM,Dictator,79,90,10,75,20,66,30,71,28,85,7,92,13,82,23,78,14,84,45,81,22,68,22,86,38,71,14,79,39,75,29,81,53,85,7
SRMstevo,391,7494,USA,PSN,Laura,78,66,3,55,18,80,26,66,18,81,22,81,22,91,35,71,7,67,31,76,26,87,24,87,33,73,23,81,27,90,22,72,43,63,11
Dracaufeu,393,7564,FRA,PSN,Ryu,74,100,5,61,18,70,24,84,19,84,13,70,10,76,47,92,13,65,35,76,30,69,23,56,30,83,24,80,21,50,12,82,56,69,13
JDR512,381,7554,USA,PSN,R. Mika,80,0,0,77,18,90,11,75,12,100,7,100,5,61,13,100,3,74,27,91,12,92,14,77,22,83,6,58,12,50,4,90,22,80,5
OCV_12M_BlitzMan,201,7534,CAN,STEAM,Karin,91,0,0,100,11,91,12,91,12,83,6,100,5,94,17,100,6,76,17,73,15,92,13,96,28,100,16,100,11,100,7,86,15,100,2
NonFatYogurt,174,8111,USA,STEAM,Dhalsim,85,93,15,100,9,88,9,100,5,75,4,70,10,64,14,100,2,83,12,82,17,88,9,75,16,100,5,86,15,80,5,95,21,100,6
_ULTRA_,238,7415,BRA,STEAM,Ryu,79,0,0,90,10,78,19,90,11,70,10,54,22,78,19,71,7,82,17,100,14,96,26,85,20,70,17,88,9,40,5,77,27,80,5
ryo74sf,515,7509,JPN,STEAM,Ken,72,100,9,80,25,70,31,58,50,76,25,66,18,76,39,73,15,73,57,83,36,78,19,70,41,80,36,80,26,52,25,64,50,84,13
hydeBUFFY,709,8483,OTH,STEAM,Cammy,75,100,8,82,29,69,56,55,36,58,29,61,31,64,48,80,15,77,71,83,36,85,47,77,77,80,50,89,46,72,33,75,76,93,16
magiSF,100,7533,JPN,PSN,Cammy,77,85,7,40,5,100,3,75,4,33,3,66,3,0,3,100,1,100,6,80,15,100,11,81,11,62,8,85,7,50,2,87,8,66,3
Shingolex90,136,7738,BRA,STEAM,Necalli,87,100,4,100,8,87,8,100,3,60,10,100,10,83,6,100,9,83,6,92,13,100,6,78,14,91,12,66,6,50,2,91,12,85,7
Estivador,994,7817,BRA,PSN,Ken,76,92,27,67,58,83,36,87,40,72,51,50,54,78,65,58,39,82,91,72,69,92,64,72,97,72,62,70,44,85,20,88,118,80,50
Nim0_o,368,8083,GBR,PSN,Cammy,61,100,7,40,15,41,12,50,18,84,13,52,19,51,43,87,8,58,39,50,20,72,25,48,33,53,15,78,19,58,17,80,41,62,8
UgahUgah,306,6900,DEU,STEAM,Dictator,74,71,21,100,6,66,27,76,17,94,17,70,17,100,4,50,10,65,49,61,31,70,10,90,10,100,6,86,15,86,15,80,46,60,5
BIFU_Slob_Murph,284,7529,USA,STEAM,Necalli,80,85,7,61,13,78,23,84,13,76,13,66,9,88,17,88,9,90,21,68,19,75,29,80,30,84,13,87,16,75,8,84,25,80,15
MrMaloke,579,7405,FRA,STEAM,Nash,74,100,8,65,35,69,39,84,19,73,30,63,19,54,51,68,16,65,43,87,54,81,32,65,63,80,31,68,25,78,28,91,60,80,26
ty_ty045,419,8011,JPN,PSN,Dictator,81,88,25,56,16,91,24,50,16,80,31,90,11,77,22,44,9,86,38,79,43,89,28,77,27,85,35,83,24,93,15,84,45,80,10
-riiya-,247,7495,DEU,STEAM,Chun Li,65,66,3,57,19,55,9,80,10,56,16,40,5,64,25,80,5,73,26,47,17,50,14,76,21,80,15,57,7,71,7,75,29,33,3
PRRog,222,7545,USA,PSN,Necalli,85,0,0,87,8,100,7,66,9,100,2,100,3,71,7,85,7,90,10,100,5,83,12,100,9,57,7,100,4,85,7,80,20,100,3
LifetimeRespect,159,8604,JPN,PSN,Chun Li,90,90,10,81,11,100,10,100,2,60,5,100,5,100,10,100,3,92,13,100,8,91,12,92,26,70,17,100,11,0,1,100,12,100,3
CELESTIAL,205,7524,USA,PSN,Ken,98,100,5,100,7,90,11,100,10,100,4,100,3,100,5,100,2,100,6,100,10,100,3,100,6,100,7,0,1,100,4,100,13,100,6
Ryuyunjin,246,7804,USA,PSN,Ryu,71,57,14,77,18,44,9,80,15,78,14,42,7,78,28,80,5,62,24,91,12,90,11,72,25,72,18,86,15,0,2,57,26,100,3
RnK-xOver,200,7493,FRA,PSN,Fang,86,100,4,66,3,60,5,100,9,100,12,75,8,81,11,100,2,91,12,100,24,76,17,94,17,89,19,66,3,76,17,80,30,71,7
toblipa_sama,169,7517,CHL,PSN,Karin,91,0,0,84,13,100,6,100,12,66,21,86,15,100,10,100,10,100,2,100,10,82,17,100,13,0,0,100,15,80,5,100,18,100,2
NLBjns,271,7482,SWE,PSN,Nash,81,0,0,87,8,71,14,70,10,88,17,79,24,86,23,0,2,82,23,84,13,80,15,69,23,71,21,88,9,100,6,88,42,100,11
icemanHIKARU,248,7512,JPN,PSN,Ryu,75,0,0,66,6,89,28,61,21,80,5,77,9,77,18,61,13,68,19,83,24,81,16,74,31,64,17,76,13,100,7,81,16,60,5
shinphoenix05,168,7283,USA,PSN,Claw,72,62,8,75,8,84,13,69,13,70,17,57,7,100,2,75,4,92,14,61,18,100,3,64,25,80,5,100,5,100,2,66,24,0,0
Youshikibi,250,7491,JPN,PSN,Nash,77,100,3,85,7,95,20,53,13,50,6,77,9,68,19,80,10,82,23,88,17,85,14,57,21,73,15,83,12,72,18,83,36,85,7
poisonSPK,182,7513,BRA,STEAM,Ryu,82,84,25,80,10,100,8,100,4,80,10,85,7,66,6,100,7,92,13,73,15,86,15,50,6,64,14,75,4,80,5,89,19,85,14
JBum163,442,8528,USA,PSN,Zangief,79,81,11,89,29,83,31,73,15,55,18,78,14,88,34,93,16,82,51,71,39,80,30,69,33,77,22,70,24,68,16,83,49,90,10
nextniko,251,7534,GBR,PSN,Nash,85,0,0,62,8,72,18,100,9,100,14,60,15,87,16,83,6,100,11,83,12,92,13,81,11,93,15,83,6,75,4,92,27,83,6
SenorAgni,100,7479,BRA,PSN,Dhalsim,78,100,2,0,0,100,3,100,1,100,3,66,3,54,11,66,3,75,4,88,17,77,9,72,18,71,7,100,2,0,2,93,15,0,0
theGrimReaper01,180,7539,JPN,PSN,Laura,80,72,11,81,11,72,11,60,5,70,10,57,7,88,9,50,2,70,20,71,7,100,12,80,15,100,8,100,8,93,16,82,17,72,11
Sanosuke,347,7796,ARG,STEAM,Ryu,72,100,9,90,11,73,34,66,9,62,16,55,9,56,32,66,12,60,45,84,13,88,17,65,41,83,12,91,34,65,20,83,31,100,2
SimplistiK,411,6715,JPN,PSN,Nash,85,100,1,100,19,95,21,95,24,93,15,66,15,80,46,80,10,88,43,91,37,100,15,71,53,88,18,80,26,76,13,78,42,100,13
ksabot,327,7517,USA,PSN,Chun Li,85,100,6,100,17,100,10,72,25,71,21,85,7,92,25,100,11,69,26,80,30,96,30,83,24,76,17,84,26,100,7,91,36,77,9
galtu01,1119,8394,JPN,STEAM,Dictator,81,68,19,78,37,83,77,76,69,81,53,88,35,80,70,96,27,79,97,78,88,79,84,77,129,86,59,88,60,85,68,91,105,73,42
ShinRukus,392,5961,USA,PSN,Ken,61,45,11,100,14,51,33,69,23,48,35,66,21,83,31,47,17,71,21,57,45,60,20,58,24,66,9,58,31,58,12,59,37,37,8
sobolong,338,7628,JPN,PSN,Claw,65,80,5,46,13,58,24,45,24,66,24,50,10,88,26,77,9,69,26,70,31,52,25,87,31,64,17,77,9,53,15,64,34,60,15
SF5_Broodwiich,160,7659,OTH,PSN,Ryu,84,100,4,60,5,66,6,75,8,75,8,75,4,90,20,66,3,77,9,91,12,100,17,66,9,75,8,90,11,100,3,85,27,100,6
TheOriginal,396,7499,OTH,PSN,Chun Li,81,0,0,75,16,80,10,84,19,85,7,50,4,72,22,100,6,81,16,82,17,73,19,83,24,77,22,78,23,70,10,94,39,100,7
Aftaburn,216,7558,USA,PSN,Ken,75,71,7,84,13,53,15,70,10,71,14,62,8,83,12,100,3,76,26,80,15,92,13,58,12,80,10,81,11,72,11,82,28,75,8
HackerMcCracker,100,7474,USA,STEAM,Birdie,89,88,9,100,5,83,6,85,7,100,3,50,2,100,8,0,0,90,11,100,6,0,0,81,11,77,9,75,8,100,1,100,9,100,5
RememberMe,154,8144,KOR,STEAM,Nash,81,100,9,66,3,81,11,80,5,100,3,75,4,83,6,0,1,88,18,80,21,80,5,89,19,82,17,100,3,70,10,75,16,0,3
KabeKabe,100,7484,JPN,STEAM,Fang,82,0,0,100,1,54,11,100,5,50,2,50,2,87,8,100,3,100,8,100,5,58,12,100,10,100,3,88,9,75,4,80,15,100,2
MFJammy,462,7209,USA,PSN,Cammy,75,87,16,84,25,67,31,79,24,65,23,50,28,67,34,100,13,58,29,69,26,68,35,81,37,81,27,84,33,75,12,88,60,66,9
Damselfly,269,7608,JPN,PSN,Dhalsim,84,100,4,100,5,89,19,90,22,75,8,92,13,85,27,84,13,93,16,86,29,60,15,77,22,86,22,70,10,73,15,90,22,100,6
KUJIKARASU-TARO,324,7599,JPN,PSN,Ken,71,100,2,71,7,70,24,73,19,63,19,100,4,66,21,72,11,72,36,89,28,61,21,47,23,71,14,63,22,69,13,78,42,92,14
ANBU_Znice,138,7521,USA,PSN,R. Mika,76,37,8,90,10,100,9,80,5,83,6,100,3,78,14,77,9,66,6,70,10,66,3,80,5,44,9,77,9,100,2,81,22,75,8
Madjestik,104,7481,FRA,PSN,Chun Li,83,50,4,0,0,90,11,90,11,0,0,0,0,100,8,100,3,78,14,61,13,0,0,71,7,85,7,85,7,88,9,100,8,100,2
cry_plus,481,7979,USA,PSN,Nash,76,77,18,65,38,75,24,56,16,75,28,71,14,85,28,85,7,79,29,85,42,93,33,68,44,59,32,83,53,85,7,81,60,62,8
OwlHoHo,304,7511,JPN,STEAM,Cammy,78,0,0,78,14,77,22,71,14,73,15,73,15,83,18,85,7,83,30,92,28,90,21,80,31,83,24,86,15,57,19,70,24,42,7
SPAMMERRR,215,7469,AUS,PSN,Nash,75,100,7,66,6,100,5,50,4,42,7,50,2,66,12,100,1,76,17,72,25,20,5,72,25,75,8,66,9,66,9,96,29,100,11
kongtrex,100,7479,KOR,STEAM,Dictator,81,80,5,66,3,87,8,80,5,0,0,66,3,69,13,83,6,66,9,100,4,78,14,66,3,66,6,100,7,100,2,100,10,100,2
RybackRN,347,7649,USA,PSN,Nash,84,0,0,92,13,81,16,71,28,80,15,72,25,95,42,42,7,88,27,84,19,89,37,92,26,75,20,93,15,100,11,82,35,88,9
Alexis2904,354,7478,BRA,PSN,Fang,80,0,0,66,15,75,16,86,15,85,14,72,22,85,42,40,5,94,17,83,37,77,22,88,42,74,27,68,19,69,13,90,32,75,16
Cowabunga,100,7508,FRA,STEAM,R. Mika,81,90,10,62,8,80,5,80,5,100,3,66,6,91,12,0,0,66,9,83,6,100,1,100,5,50,4,100,2,0,0,80,20,100,4
KSHATRIYA,314,7674,JPN,STEAM,Dhalsim,78,80,5,100,12,81,16,80,10,85,7,66,3,80,10,42,7,100,10,79,29,66,6,71,21,88,9,75,8,84,19,68,32,66,3
MK-TimsaH,209,7851,TUR,STEAM,Nash,69,80,10,54,11,62,8,55,9,90,11,55,9,58,17,54,11,76,17,69,13,28,7,75,24,100,6,85,14,83,6,67,28,75,8
hatabou1990,470,7478,JPN,PSN,Dictator,81,0,0,92,14,76,30,81,32,83,12,100,11,90,31,55,9,83,43,81,48,78,19,80,45,82,47,69,26,65,32,87,62,100,9
rakkan,308,8052,JPN,PSN,Nash,81,100,9,85,14,80,15,70,20,82,17,80,10,60,20,50,10,100,25,86,22,50,10,83,30,87,24,86,15,75,12,87,39,85,14
Soriku16,495,8249,USA,PSN,Chun Li,73,72,11,68,38,81,37,70,30,55,20,60,15,78,38,57,14,75,53,79,29,73,34,77,44,77,27,60,28,60,15,78,47,85,14
NTT-_-,291,7527,JPN,PSN,Chun Li,63,100,2,75,8,54,24,66,12,64,14,50,12,70,24,57,7,88,25,50,16,77,22,41,31,68,22,62,16,29,17,85,28,33,3
MossHD,184,7850,USA,STEAM,Cammy,80,100,7,77,9,92,13,50,6,80,10,54,11,90,10,0,0,88,18,70,10,86,23,75,4,76,13,60,20,100,3,92,26,100,1
BakedGod420,100,7495,USA,PSN,Birdie,81,78,14,100,3,90,11,100,2,100,8,100,1,20,5,0,0,50,6,83,6,72,11,85,7,77,9,100,4,100,1,90,10,100,2
Negrete,440,7550,BRA,PSN,R. Mika,69,100,1,57,21,50,16,75,8,100,14,63,19,74,39,60,10,82,41,59,37,65,32,70,67,66,39,100,7,62,8,72,61,60,20
rng505,419,7576,JPN,PSN,Ryu,63,100,2,47,23,48,29,60,33,82,17,57,14,54,22,90,10,64,17,63,33,78,33,34,55,82,23,93,15,76,30,70,44,52,19
SF5-Save,481,7638,KOR,PSN,Dhalsim,68,83,6,77,18,77,31,88,27,50,18,40,20,57,33,75,4,77,40,65,46,51,29,61,49,65,26,72,33,62,24,80,66,72,11
Doctor-Gameneo,120,7719,USA,PSN,Fang,85,100,3,100,12,66,6,100,2,83,6,61,13,100,8,100,1,77,9,100,13,100,5,83,6,55,9,80,5,100,2,93,15,80,5
Kim1234,392,7497,JPN,STEAM,Dictator,75,100,5,60,5,70,17,64,17,70,24,90,20,89,19,66,3,82,56,66,30,82,23,80,46,83,37,73,19,66,15,56,46,70,10
Lucius_RnK,237,7463,FRA,PSN,Chun Li,86,100,3,100,7,80,10,85,7,75,8,77,9,76,25,66,3,93,15,100,14,100,7,81,16,83,12,66,12,100,8,100,22,87,8
etanim,1477,8228,JPN,PSN,Chun Li,76,89,46,71,63,73,95,64,94,83,60,66,48,73,121,77,36,81,133,82,122,81,92,69,123,72,106,82,62,69,65,78,176,91,34
sousuk0130,280,7613,JPN,PSN,Claw,62,83,6,66,9,55,9,54,22,78,14,42,14,61,21,66,9,50,16,73,23,75,20,53,30,52,21,66,15,50,8,74,35,37,8
Leeito94,317,7481,ARG,PSN,Dictator,77,94,18,21,14,90,20,83,12,56,23,68,16,80,26,40,5,82,23,100,19,69,26,70,30,75,12,80,10,100,7,90,55,100,1
ThePrincess,131,7541,USA,PSN,Fang,74,78,14,75,4,42,7,0,0,100,3,100,4,85,7,0,0,55,20,100,4,87,8,76,25,71,7,33,3,50,4,88,17,75,4
liquidnuckledu,229,7708,USA,PSN,R. Mika,86,92,14,85,7,0,0,66,9,100,2,85,7,71,7,100,6,85,21,100,5,78,14,85,7,100,14,0,0,100,6,76,13,100,1
Parodox102,313,7502,GBR,STEAM,Ryu,66,100,4,69,13,55,9,63,11,60,15,33,6,54,31,37,8,66,21,66,15,73,19,74,27,61,21,72,11,83,12,74,27,69,13
ShinLad,277,7498,USA,PSN,Cammy,78,100,2,86,23,78,14,58,12,69,13,40,10,77,18,92,13,78,19,87,16,81,22,88,18,81,22,59,22,72,11,86,30,90,11
8inch_tablet,450,7522,JPN,STEAM,Dhalsim,72,100,2,50,18,65,23,70,24,50,16,77,18,74,27,69,13,78,57,70,40,74,27,78,33,78,28,58,31,70,31,82,50,83,12
denkiyasan_1212,132,8025,JPN,PSN,Dictator,90,100,1,100,2,90,10,100,4,100,10,66,3,100,12,83,6,100,14,100,8,70,10,93,15,80,5,66,6,100,7,93,15,75,4
BigGods-Cabeca,128,7492,BRA,PSN,Ryu,77,100,3,66,9,83,12,0,0,100,4,50,8,20,5,100,1,69,13,84,26,87,8,100,2,60,10,100,1,100,6,85,20,0,0
456_ht,771,7522,JPN,PSN,Birdie,74,50,4,76,38,82,28,61,55,78,32,66,33,80,62,76,30,84,53,71,59,77,61,80,60,67,56,78,60,70,47,71,73,85,20
TENberetta,206,7393,ALB,PSN,Dhalsim,83,0,0,83,6,100,11,93,15,60,10,100,6,86,15,66,6,81,16,87,16,88,17,73,23,87,16,88,17,77,9,69,13,83,6
Flexcy,219,7589,OTH,STEAM,Ken,78,0,1,83,12,58,24,75,8,80,5,60,10,75,16,100,1,88,17,75,12,66,15,80,10,72,11,75,12,83,6,98,52,25,4
pomesama,211,7469,JPN,PSN,Chun Li,74,0,0,100,6,62,16,50,10,66,12,80,5,81,16,83,6,86,23,70,17,78,14,72,18,78,14,55,9,62,16,85,27,100,1
